# reading -> cuneiform codepoint, learned from lines where the codepoint
# count equals the sign count. Generated by programs/learn_signmap.py.
# reading	cuneiform	confidence	top_obs	total_obs	unicode_name
x	▒	1.000	94026	94050	MEDIUM SHADE
an	𒀭	0.998	81423	81561	CUNEIFORM SIGN AN
a	𒀀	0.998	56496	56602	CUNEIFORM SIGN A
aš	𒀸	0.997	45749	45870	CUNEIFORM SIGN ASH
zi	𒍣	0.998	44160	44232	CUNEIFORM SIGN ZI
ma	𒈠	0.998	37904	37992	CUNEIFORM SIGN MA
na	𒈾	0.998	37298	37387	CUNEIFORM SIGN NA
i	𒄿	0.998	32622	32697	CUNEIFORM SIGN I
wa	𒉿	0.940	29109	30958	CUNEIFORM SIGN PI
ia	𒅀	0.998	29440	29511	CUNEIFORM SIGN I A
ta	𒋫	0.998	29163	29224	CUNEIFORM SIGN TA
nu	𒉡	0.998	28953	29009	CUNEIFORM SIGN NU
da	𒁕	0.998	27432	27477	CUNEIFORM SIGN DA
ša	𒊭	0.998	25948	26009	CUNEIFORM SIGN SHA
e	𒂊	0.997	23985	24060	CUNEIFORM SIGN E
ḫa	𒄩	0.998	23838	23893	CUNEIFORM SIGN HA
pa	𒉺	0.998	23795	23848	CUNEIFORM SIGN PA
ku	𒂉	0.998	20061	20107	CUNEIFORM SIGN DUR2
D	𒀭	0.997	19975	20034	CUNEIFORM SIGN AN
ši	𒅆	0.998	19688	19726	CUNEIFORM SIGN IGI
iš	𒅖	0.998	19633	19677	CUNEIFORM SIGN ISH
A	𒀀	0.996	18276	18347	CUNEIFORM SIGN A
ni	𒉌	0.998	17091	17132	CUNEIFORM SIGN NI
ti	𒋾	0.998	16538	16578	CUNEIFORM SIGN TI
ra	𒊏	0.997	16463	16511	CUNEIFORM SIGN RA
kán	𒃷	0.998	16349	16380	CUNEIFORM SIGN GAN2
uš	𒍑	0.997	15315	15354	CUNEIFORM SIGN USH
u	𒌋	0.997	15095	15135	CUNEIFORM SIGN U
za	𒍝	0.997	14916	14962	CUNEIFORM SIGN ZA
at	𒀜	0.997	14403	14453	CUNEIFORM SIGN AD
1	𒁹	0.996	13273	13321	CUNEIFORM SIGN DISH
ri	𒊑	0.998	12910	12935	CUNEIFORM SIGN RI
NA	𒈾	0.997	12465	12505	CUNEIFORM SIGN NA
ú	𒌑	0.997	12415	12453	CUNEIFORM SIGN U2
ki	𒆠	0.998	12222	12245	CUNEIFORM SIGN KI
ḫu	𒄷	0.998	12140	12167	CUNEIFORM SIGN HU
la	𒆷	0.997	11761	11797	CUNEIFORM SIGN LA
li	𒇷	0.998	11579	11607	CUNEIFORM SIGN LI
LUGAL	𒈗	0.998	11173	11200	CUNEIFORM SIGN LUGAL
eš	𒌍	0.998	10945	10971	CUNEIFORM SIGN U U U
URU	𒌷	0.997	10685	10717	CUNEIFORM SIGN URU
ar	𒅈	0.998	10411	10437	CUNEIFORM SIGN IGI RI
LÚ	𒇽	0.996	10077	10119	CUNEIFORM SIGN LU2
it	𒀉	0.997	9713	9739	CUNEIFORM SIGN A2
šu	𒋗	0.998	9550	9568	CUNEIFORM SIGN SHU
aḫ	𒄴	0.999	9040	9052	CUNEIFORM SIGN HI TIMES NUN
pí	𒁉	0.998	8919	8933	CUNEIFORM SIGN BI
pé	𒁉	0.996	8794	8828	CUNEIFORM SIGN BI
GIŠ	𒄑	0.996	8657	8688	CUNEIFORM SIGN GISH
te	𒋼	0.999	7678	7688	CUNEIFORM SIGN TE
NINDA	𒃻	0.997	7498	7524	CUNEIFORM SIGN GAR
ŠU	𒋗	0.998	7130	7144	CUNEIFORM SIGN SHU
ez	𒄑	0.999	7061	7066	CUNEIFORM SIGN GISH
mi	𒈪	0.997	7012	7032	CUNEIFORM SIGN MI
ḫi	𒄭	0.997	6977	7000	CUNEIFORM SIGN HI
in	𒅔	0.997	6919	6940	CUNEIFORM SIGN IN
EGIR	𒂕	0.999	6798	6807	CUNEIFORM SIGN EGIR
me	𒈨	0.998	6744	6756	CUNEIFORM SIGN ME
un	𒌦	0.999	6747	6753	CUNEIFORM SIGN UN
du	𒁺	0.997	6380	6401	CUNEIFORM SIGN DU
pár	𒁇	0.998	5863	5874	CUNEIFORM SIGN BAR
ḪI	𒄭	0.997	5851	5869	CUNEIFORM SIGN HI
ru	𒊒	0.997	5745	5763	CUNEIFORM SIGN RU
tu	𒌅	0.998	5743	5755	CUNEIFORM SIGN TU
GAL	𒃲	0.997	5698	5716	CUNEIFORM SIGN GAL
É	𒂍	0.995	5528	5555	CUNEIFORM SIGN E2
az	𒊍	0.998	5441	5453	CUNEIFORM SIGN PIRIG TIMES ZA
še	𒊺	0.998	5427	5437	CUNEIFORM SIGN SHE
tar	𒋻	0.997	5143	5157	CUNEIFORM SIGN TAR
al	𒀠	0.996	4838	4856	CUNEIFORM SIGN AL
ŠA	𒊭	0.995	4819	4844	CUNEIFORM SIGN SHA
ka	𒅗	0.997	4759	4774	CUNEIFORM SIGN KA
ke	𒆠	0.998	4749	4760	CUNEIFORM SIGN KI
DINGIR	𒀭	0.993	4694	4725	CUNEIFORM SIGN AN
MUNUS	𒊩	0.997	4703	4717	CUNEIFORM SIGN SAL
lu	𒇻	0.997	4572	4588	CUNEIFORM SIGN LU
pu	𒁍	0.995	4526	4548	CUNEIFORM SIGN BU
mu	𒈬	0.996	4466	4485	CUNEIFORM SIGN MU
ga	𒂵	0.997	4400	4415	CUNEIFORM SIGN GA
RA	𒊏	0.994	4308	4333	CUNEIFORM SIGN RA
m	𒁹	0.998	4187	4196	CUNEIFORM SIGN DISH
er	𒅕	0.998	4011	4020	CUNEIFORM SIGN IR
ḫar	𒄯	0.998	3832	3838	CUNEIFORM SIGN HI TIMES ASH2
UTU	𒌓	0.998	3693	3701	CUNEIFORM SIGN UD
up	𒌒	0.999	3598	3600	CUNEIFORM SIGN UB
KUR	𒆳	0.994	3550	3571	CUNEIFORM SIGN KUR
Ú	𒌑	0.996	3470	3484	CUNEIFORM SIGN U2
DUG	𒂁	0.997	3462	3473	CUNEIFORM SIGN DUG
LIM	𒅆	0.996	3426	3439	CUNEIFORM SIGN IGI
ap	𒀊	0.998	3332	3340	CUNEIFORM SIGN AB
kat	𒃰	0.998	3270	3277	CUNEIFORM SIGN GAD
MA	𒈠	0.999	3229	3231	CUNEIFORM SIGN MA
10	𒌋	0.997	3203	3212	CUNEIFORM SIGN U
I	𒄿	0.997	3162	3172	CUNEIFORM SIGN I
nam	𒉆	0.998	3140	3147	CUNEIFORM SIGN NAM
UL	𒌌	0.997	3129	3138	CUNEIFORM SIGN U GUD
en	𒂗	0.997	3008	3018	CUNEIFORM SIGN EN
GUR₄	𒆸	0.997	3000	3009	CUNEIFORM SIGN LAGAB
TI	𒋾	0.997	2973	2981	CUNEIFORM SIGN TI
DUMU	𒌉	0.997	2927	2937	CUNEIFORM SIGN TUR
am	𒄠	0.998	2804	2811	CUNEIFORM SIGN GUD TIMES KUR
iz	𒄑	0.998	2782	2788	CUNEIFORM SIGN GISH
IŠ	𒅖	0.998	2769	2774	CUNEIFORM SIGN ISH
ik	𒅅	0.997	2702	2710	CUNEIFORM SIGN IG
TU	𒌅	0.997	2641	2650	CUNEIFORM SIGN TU
QA	𒋡	0.998	2637	2641	CUNEIFORM SIGN SILA3
pát	𒁁	0.996	2554	2564	CUNEIFORM SIGN BAD
NI	𒉌	0.996	2533	2542	CUNEIFORM SIGN NI
ut	𒌓	0.997	2499	2506	CUNEIFORM SIGN UD
3	𒐈	0.996	2459	2469	CUNEIFORM NUMERIC SIGN THREE DISH
ḫal	𒄬	1.000	2453	2454	CUNEIFORM SIGN HAL
UDU	𒇻	0.995	2400	2412	CUNEIFORM SIGN LU
ak	𒀝	0.995	2371	2382	CUNEIFORM SIGN AK
el	𒂖	0.997	2351	2358	CUNEIFORM SIGN EL
šar	𒊬	0.997	2291	2297	CUNEIFORM SIGN SAR
le	𒇷	0.998	2290	2295	CUNEIFORM SIGN LI
KÙ	𒆬	0.994	2272	2285	CUNEIFORM SIGN KU3
uk	𒊌	1.000	2231	2232	CUNEIFORM SIGN PIRIG TIMES UD
ne	𒉈	0.999	2223	2225	CUNEIFORM SIGN NE
KI	𒆠	0.993	2204	2219	CUNEIFORM SIGN KI
NU	𒉡	0.994	2181	2194	CUNEIFORM SIGN NU
ul	𒌌	0.996	2180	2188	CUNEIFORM SIGN U GUD
EN	𒂗	0.995	2170	2180	CUNEIFORM SIGN EN
zu	𒍪	0.998	2122	2126	CUNEIFORM SIGN ZU
ep	𒅁	0.990	2022	2043	CUNEIFORM SIGN IB
et	𒀉	0.999	2028	2031	CUNEIFORM SIGN A2
ták	𒁖	1.000	2006	2007	CUNEIFORM SIGN DAG
PA	𒉺	0.997	1947	1952	CUNEIFORM SIGN PA
SAG	𒊕	0.991	1878	1896	CUNEIFORM SIGN SAG
ŠI	𒅆	0.998	1868	1872	CUNEIFORM SIGN IGI
GEŠTIN	𒃾	0.998	1858	1862	CUNEIFORM SIGN GESHTIN
ŠÀ	𒊮	0.993	1824	1836	CUNEIFORM SIGN SHA3
pal	𒁄	0.999	1831	1833	CUNEIFORM SIGN BAL
ip	𒅁	0.998	1802	1806	CUNEIFORM SIGN IB
ME	𒈨	0.997	1755	1760	CUNEIFORM SIGN ME
TAM	𒌓	0.998	1756	1759	CUNEIFORM SIGN UD
KAM	𒄰	0.977	1677	1717	CUNEIFORM SIGN HI TIMES BAD
BI	𒁉	0.998	1638	1641	CUNEIFORM SIGN BI
UZU	𒍜	0.996	1633	1639	CUNEIFORM SIGN UZU
BABBAR	𒌓	0.996	1605	1611	CUNEIFORM SIGN UD
uḫ	𒄴	0.998	1575	1578	CUNEIFORM SIGN HI TIMES NUN
MIN	𒈫	0.997	1552	1556	CUNEIFORM SIGN MIN
UD	𒌓	0.992	1519	1532	CUNEIFORM SIGN UD
MUŠEN	𒄷	0.997	1515	1520	CUNEIFORM SIGN HU
RU	𒊒	0.999	1505	1506	CUNEIFORM SIGN RU
ZAG	𒍠	0.995	1483	1491	CUNEIFORM SIGN ZAG
tal	𒊑	0.999	1476	1478	CUNEIFORM SIGN RI
IA	𒅀	0.996	1400	1405	CUNEIFORM SIGN I A
im	𒅎	0.998	1390	1393	CUNEIFORM SIGN IM
BA	𒁀	0.996	1359	1365	CUNEIFORM SIGN BA
ZA	𒍝	0.996	1358	1363	CUNEIFORM SIGN ZA
M	𒁹	0.994	1345	1353	CUNEIFORM SIGN DISH
SÌR	𒂡	0.998	1324	1326	CUNEIFORM SIGN EZEN
ḫé	𒃶	0.997	1294	1298	CUNEIFORM SIGN GAN
ŠÚ	𒋙	0.995	1284	1290	CUNEIFORM SIGN SHU2
GU₄	𒄞	0.996	1269	1274	CUNEIFORM SIGN GUD
Ì	𒉌	0.998	1256	1258	CUNEIFORM SIGN NI
AN	𒀭	0.994	1246	1253	CUNEIFORM SIGN AN
SIG	𒋝	0.994	1235	1242	CUNEIFORM SIGN SIG
um	𒌝	0.997	1225	1229	CUNEIFORM SIGN UM
ka₄	𒋡	0.996	1209	1214	CUNEIFORM SIGN SILA3
ir	𒅕	0.998	1205	1208	CUNEIFORM SIGN IR
di	𒁲	0.998	1206	1208	CUNEIFORM SIGN DI
uz	𒊻	0.999	1187	1188	CUNEIFORM SIGN SHE HU
SANGA	𒋃	0.998	1160	1162	CUNEIFORM SIGN SHID
EZEN₄	􀀉	0.997	1132	1135	(unnamed)
ur	𒌨	0.993	1119	1127	CUNEIFORM SIGN UR
ba	𒁀	0.996	1117	1122	CUNEIFORM SIGN BA
IŠKUR	𒅎	0.997	1118	1121	CUNEIFORM SIGN IM
ḪUR	𒄯	0.995	1104	1110	CUNEIFORM SIGN HI TIMES ASH2
KAL	𒆗	0.997	1088	1091	CUNEIFORM SIGN KAL
GA	𒂵	0.992	1073	1082	CUNEIFORM SIGN GA
GI	𒄀	0.998	1069	1071	CUNEIFORM SIGN GI
DA	𒁕	0.990	1047	1058	CUNEIFORM SIGN DA
ḫur	𒄯	0.997	1053	1056	CUNEIFORM SIGN HI TIMES ASH2
DU	𒁺	0.991	1030	1039	CUNEIFORM SIGN DU
TUŠ	𒂉	0.998	1036	1038	CUNEIFORM SIGN DUR2
GAR	𒃻	0.992	1002	1010	CUNEIFORM SIGN GAR
KU	𒂉	0.999	982	983	CUNEIFORM SIGN DUR2
ALAM	𒀩	0.998	956	958	CUNEIFORM SIGN ALAN
GUB	𒁺	0.997	929	932	CUNEIFORM SIGN DU
ŠE	𒊺	0.999	917	918	CUNEIFORM SIGN SHE
KASKAL	𒆜	0.998	914	916	CUNEIFORM SIGN KASKAL
mar	𒈥	0.995	906	911	CUNEIFORM SIGN MAR
𒀹	𒀹	0.994	903	908	CUNEIFORM SIGN ASH ZIDA TENU
KAŠ	𒁉	0.998	905	907	CUNEIFORM SIGN BI
il	𒅋	0.997	901	904	CUNEIFORM SIGN IL
LUM	𒈝	0.996	885	889	CUNEIFORM SIGN LUM
IGI	𒅆	0.997	885	888	CUNEIFORM SIGN IGI
RI	𒊑	0.998	855	857	CUNEIFORM SIGN RI
GIM	𒁶	0.996	843	846	CUNEIFORM SIGN DIM2
TÚG	𒌆	0.989	811	820	CUNEIFORM SIGN TUG2
E	𒂊	0.994	813	818	CUNEIFORM SIGN E
SISKUR	𒀬	0.999	810	811	CUNEIFORM SIGN AMAR TIMES SHE
SI₂₂	𒄀	0.991	799	806	CUNEIFORM SIGN GI
MU	𒈬	0.990	785	793	CUNEIFORM SIGN MU
UP	𒌒	0.994	774	779	CUNEIFORM SIGN UB
Ù	𒅇	1.000	767	767	CUNEIFORM SIGN IGI DIB
re	𒊑	0.995	751	755	CUNEIFORM SIGN RI
ZI	𒍣	0.989	746	754	CUNEIFORM SIGN ZI
ZU₉	𒆉	1.000	751	751	CUNEIFORM SIGN KA TIMES UD
DÙ	𒆕	0.997	747	749	CUNEIFORM SIGN KAK
TUM	𒌈	0.996	741	744	CUNEIFORM SIGN TUM
UM	𒌝	1.000	736	736	CUNEIFORM SIGN UM
TUR	𒌉	0.997	726	728	CUNEIFORM SIGN TUR
ḪA	𒄩	0.996	719	722	CUNEIFORM SIGN HA
4	𒐼	0.996	717	720	CUNEIFORM NUMERIC SIGN FOUR VARIANT FORM LIMMU
ek	𒅅	0.999	708	709	CUNEIFORM SIGN IG
GAM	𒃵	0.996	705	708	CUNEIFORM SIGN GAM
KA	𒅗	0.989	695	703	CUNEIFORM SIGN KA
INANNA	𒈹	0.999	702	703	CUNEIFORM SIGN MUSH3
tén	𒁷	1.000	687	687	CUNEIFORM SIGN DIN
KÚR	𒉽	0.993	682	687	CUNEIFORM SIGN PAP
ud	𒌓	0.991	680	686	CUNEIFORM SIGN UD
KUŠ	𒋢	0.994	682	686	CUNEIFORM SIGN SU
wu	𒊇	0.719	492	684	CUNEIFORM SIGN PI TIMES U
MAḪ	𒈤	0.997	679	681	CUNEIFORM SIGN MAH
bi	𒁉	0.993	674	679	CUNEIFORM SIGN BI
DUB	𒁾	0.999	672	673	CUNEIFORM SIGN DUB
DI	𒁲	0.999	669	670	CUNEIFORM SIGN DI
AT	𒀜	0.997	657	659	CUNEIFORM SIGN AD
GÙB	𒆏	0.995	652	655	CUNEIFORM SIGN KAB
kiš	𒆧	0.998	638	639	CUNEIFORM SIGN KISH
ŠEŠ	𒋀	0.998	632	633	CUNEIFORM SIGN SHESH
f	𒊩	0.994	626	630	CUNEIFORM SIGN SAL
NAR	𒈜	0.998	629	630	CUNEIFORM SIGN LUL
UŠ	𒍑	0.998	628	629	CUNEIFORM SIGN USH
ad	𒀜	0.997	620	622	CUNEIFORM SIGN AD
ù	𒅇	0.997	619	621	CUNEIFORM SIGN IGI DIB
ḫe	𒄭	0.998	618	619	CUNEIFORM SIGN HI
kal	𒆗	1.000	616	616	CUNEIFORM SIGN KAL
eḫ	𒄴	1.000	604	604	CUNEIFORM SIGN HI TIMES NUN
½	𒁇	0.997	602	604	CUNEIFORM SIGN BAR
BE	𒁁	0.998	598	599	CUNEIFORM SIGN BAD
BA₄	𒂷	1.000	599	599	CUNEIFORM SIGN GA2
TIM	𒁴	0.995	591	594	CUNEIFORM SIGN DIM
TU₇	𒄰	1.000	594	594	CUNEIFORM SIGN HI TIMES BAD
GÍN	𒂆	0.997	571	573	CUNEIFORM SIGN DUN3 GUNU
5	𒐊	0.995	553	556	CUNEIFORM NUMERIC SIGN FIVE DISH
GÁL	𒅅	1.000	555	555	CUNEIFORM SIGN IG
KIN	𒆥	0.987	548	555	CUNEIFORM SIGN KIN
AZU	𒉙	0.996	549	551	CUNEIFORM SIGN NINDA2 TIMES NUN
UR	𒌨	0.996	542	544	CUNEIFORM SIGN UR
gi	𒄀	0.998	541	542	CUNEIFORM SIGN GI
SAR	𒊬	0.998	537	538	CUNEIFORM SIGN SAR
zé	𒍢	0.998	531	532	CUNEIFORM SIGN ZE2
BAL	𒁄	1.000	531	531	CUNEIFORM SIGN BAL
šal	𒊩	0.996	527	529	CUNEIFORM SIGN SAL
SÍG	𒋠	0.996	527	529	CUNEIFORM SIGN SIK2
né	𒉌	0.992	522	526	CUNEIFORM SIGN NI
GADA	𒃰	0.990	517	522	CUNEIFORM SIGN GAD
LAM	𒇴	1.000	521	521	CUNEIFORM SIGN LAM
SI×SÁ	􀀀	0.994	518	521	(unnamed)
n	▒	0.998	516	517	MEDIUM SHADE
MÁŠ	𒈧	1.000	516	516	CUNEIFORM SIGN MASH2
KÁ	𒆍	0.998	512	513	CUNEIFORM SIGN KA2
ŠUM	𒋳	0.998	509	510	CUNEIFORM SIGN TAG
ZÌ	𒂠	0.986	495	502	CUNEIFORM SIGN ESH2
BU	𒁍	0.996	479	481	CUNEIFORM SIGN BU
DU₁₀	𒄭	0.998	479	480	CUNEIFORM SIGN HI
TUKU	𒌇	0.994	460	463	CUNEIFORM SIGN TUK
kur	𒆳	0.998	460	461	CUNEIFORM SIGN KUR
tap	𒋰	1.000	458	458	CUNEIFORM SIGN TAB
LU	𒇻	0.989	445	450	CUNEIFORM SIGN LU
EŠ	𒌍	0.993	447	450	CUNEIFORM SIGN U U U
30	𒌍	0.991	434	438	CUNEIFORM SIGN U U U
ge	𒄀	0.998	436	437	CUNEIFORM SIGN GI
UB	𒌒	0.998	428	429	CUNEIFORM SIGN UB
dam	𒁮	0.998	427	428	CUNEIFORM SIGN DAM
PÚ	𒇥	0.993	417	420	CUNEIFORM SIGN LAGAB TIMES U
7	𒐌	0.993	417	420	CUNEIFORM NUMERIC SIGN SEVEN DISH
KU₇	𒆯	0.998	418	419	CUNEIFORM SIGN KU7
we	𒊄	0.964	402	417	CUNEIFORM SIGN PI TIMES E
EME	𒅴	0.998	416	417	CUNEIFORM SIGN KA TIMES ME
IM	𒅎	0.993	413	416	CUNEIFORM SIGN IM
IB	𒅁	1.000	412	412	CUNEIFORM SIGN IB
AB	𒀊	1.000	410	410	CUNEIFORM SIGN AB
GE₆	𒈪	0.990	405	409	CUNEIFORM SIGN MI
NAM	𒉆	0.985	402	408	CUNEIFORM SIGN NAM
UN	𒌦	0.998	406	407	CUNEIFORM SIGN UN
6	𒐋	0.993	404	407	CUNEIFORM NUMERIC SIGN SIX DISH
ANŠE	𒀲	0.995	405	407	CUNEIFORM SIGN ANSHE
wi	𒊅	0.913	368	403	CUNEIFORM SIGN PI TIMES I
AŠ	𒀸	1.000	400	400	CUNEIFORM SIGN ASH
KE	𒆠	1.000	400	400	CUNEIFORM SIGN KI
GIDRU	𒉺	0.997	397	398	CUNEIFORM SIGN PA
GUL	𒄢	0.997	394	395	CUNEIFORM SIGN GUL
TA	𒋫	0.969	377	389	CUNEIFORM SIGN TA
gal	𒃲	0.997	375	376	CUNEIFORM SIGN GAL
ITU	𒌗	0.989	372	376	CUNEIFORM SIGN UD TIMES U PLUS U PLUS U
GÌR	𒄊	0.995	365	367	CUNEIFORM SIGN GIR3
GÚ	𒄘	0.994	356	358	CUNEIFORM SIGN GU2
UT	𒌓	0.997	356	357	CUNEIFORM SIGN UD
GAG	𒆕	0.997	350	351	CUNEIFORM SIGN KAK
TUP	𒁾	1.000	350	350	CUNEIFORM SIGN DUB
EM	𒅎	0.994	345	347	CUNEIFORM SIGN IM
INIM	𒅗	0.997	343	344	CUNEIFORM SIGN KA
NUMUN	𒆰	1.000	342	342	CUNEIFORM SIGN KUL
šum	𒋳	0.994	339	341	CUNEIFORM SIGN TAG
úr	𒌫	0.997	340	341	CUNEIFORM SIGN UR2
LÀL	𒋭	1.000	337	337	CUNEIFORM SIGN TA TIMES HI
SUM	𒋧	0.997	334	335	CUNEIFORM SIGN SUM
GÍD	𒁍	0.994	330	332	CUNEIFORM SIGN BU
DAG	𒁖	1.000	331	331	CUNEIFORM SIGN DAG
IN	𒅔	1.000	330	330	CUNEIFORM SIGN IN
taḫ	𒈭	0.994	327	329	CUNEIFORM SIGN MU OVER MU
SI	𒋛	0.994	325	327	CUNEIFORM SIGN SI
URUDU	𒍏	0.994	324	326	CUNEIFORM SIGN URUDA
kap	𒆏	1.000	322	322	CUNEIFORM SIGN KAB
9	𒑆	0.988	317	321	CUNEIFORM NUMERIC SIGN NINE VARIANT FORM ILIMMU
wi₅	𒃾	0.997	320	321	CUNEIFORM SIGN GESHTIN
SILA₄	𒃢	0.991	317	320	CUNEIFORM SIGN GA2 TIMES PA
bu	𒁍	0.981	311	317	CUNEIFORM SIGN BU
EREN	𒂞	1.000	315	315	CUNEIFORM SIGN EREN
AG	𒀝	1.000	314	314	CUNEIFORM SIGN AK
TUKUL	𒂉	0.994	309	311	CUNEIFORM SIGN DUR2
NÍG	𒃻	0.984	302	307	CUNEIFORM SIGN GAR
ze	𒍣	1.000	301	301	CUNEIFORM SIGN ZI
BAR	𒁇	0.960	288	300	CUNEIFORM SIGN BAR
LA	𒆷	0.990	293	296	CUNEIFORM SIGN LA
iḫ	𒄴	1.000	294	294	CUNEIFORM SIGN HI TIMES NUN
ER	𒅕	0.997	292	293	CUNEIFORM SIGN IR
lam	𒇴	0.997	287	288	CUNEIFORM SIGN LAM
ARAD	𒀴	0.989	281	284	CUNEIFORM SIGN ARAD
túḫ	𒈭	0.996	277	278	CUNEIFORM SIGN MU OVER MU
id	𒀉	1.000	272	272	CUNEIFORM SIGN A2
ṢA	𒍝	0.993	266	268	CUNEIFORM SIGN ZA
PU	𒁍	1.000	263	263	CUNEIFORM SIGN BU
ḪAR	𒄯	1.000	254	254	CUNEIFORM SIGN HI TIMES ASH2
IT	𒀉	0.992	251	253	CUNEIFORM SIGN A2
MUḪALDIM	𒈬	0.992	248	250	CUNEIFORM SIGN MU
kam	𒄰	1.000	247	247	CUNEIFORM SIGN HI TIMES BAD
pád	𒁁	1.000	245	245	CUNEIFORM SIGN BAD
kum	𒄣	0.996	240	241	CUNEIFORM SIGN GUM
DAM	𒁮	0.987	234	237	CUNEIFORM SIGN DAM
GABA	𒂃	1.000	237	237	CUNEIFORM SIGN DUH
dur	𒄙	1.000	235	235	CUNEIFORM SIGN GU2 TIMES KAK
EL	𒂖	1.000	234	234	CUNEIFORM SIGN EL
NITA	𒍑	1.000	233	233	CUNEIFORM SIGN USH
DÍLIM	𒇺	1.000	232	232	CUNEIFORM SIGN LISH
AM	𒄠	0.996	227	228	CUNEIFORM SIGN GUD TIMES KUR
GAŠAN	𒃽	1.000	226	226	CUNEIFORM SIGN GASHAN
TI₈	𒀉	0.991	224	226	CUNEIFORM SIGN A2
MI	𒈪	0.996	224	225	CUNEIFORM SIGN MI
ŠAḪ	𒋚	0.996	223	224	CUNEIFORM SIGN SHUBUR
SÚ	𒍪	1.000	223	223	CUNEIFORM SIGN ZU
Ḫa	𒄩	0.995	221	222	CUNEIFORM SIGN HA
ZU	𒍪	0.991	219	221	CUNEIFORM SIGN ZU
BAD	𒁁	0.995	219	220	CUNEIFORM SIGN BAD
ḪAL	𒄬	1.000	217	217	CUNEIFORM SIGN HAL
tup	𒁾	0.995	215	216	CUNEIFORM SIGN DUB
SA₂₀	𒊭	0.995	214	215	CUNEIFORM SIGN SHA
tum	𒌈	0.995	213	214	CUNEIFORM SIGN TUM
8	𒐍	1.000	213	213	CUNEIFORM NUMERIC SIGN EIGHT DISH
ed	𒀉	0.995	210	211	CUNEIFORM SIGN A2
ZÍZ	𒀾	0.995	210	211	CUNEIFORM SIGN ASH2
AMA	𒂼	0.990	208	210	CUNEIFORM SIGN GA2 TIMES AN
INA	𒀸	0.957	201	210	CUNEIFORM SIGN ASH
BÁN	𒑏	1.000	210	210	CUNEIFORM NUMERIC SIGN ONE BAN2
dan	𒆗	1.000	208	208	CUNEIFORM SIGN KAL
F	𒊩	1.000	208	208	CUNEIFORM SIGN SAL
ag	𒀝	1.000	207	207	CUNEIFORM SIGN AK
LÁ	𒇲	0.995	205	206	CUNEIFORM SIGN LAL
DUM	𒌈	1.000	206	206	CUNEIFORM SIGN TUM
pít	𒁁	0.995	203	204	CUNEIFORM SIGN BAD
LÍ	𒉌	1.000	199	199	CUNEIFORM SIGN NI
MEŠ	𒈨	0.569	112	197	CUNEIFORM SIGN ME
U	𒌋	0.954	185	194	CUNEIFORM SIGN U
ŠAR	𒊬	1.000	194	194	CUNEIFORM SIGN SAR
šur	𒋩	0.995	189	190	CUNEIFORM SIGN SUR
UGULA	𒉺	0.995	186	187	CUNEIFORM SIGN PA
NUN	𒉣	0.984	184	187	CUNEIFORM SIGN NUN
LI	𒇷	0.995	186	187	CUNEIFORM SIGN LI
IMIN	𒐌	1.000	184	184	CUNEIFORM NUMERIC SIGN SEVEN DISH
DÉ	𒌣	1.000	183	183	CUNEIFORM SIGN UMUM
TE	𒋼	0.978	178	182	CUNEIFORM SIGN TE
tù	𒁺	0.956	174	182	CUNEIFORM SIGN DU
ina	𒀸	0.994	180	181	CUNEIFORM SIGN ASH
ḪÁD	𒌓	1.000	181	181	CUNEIFORM SIGN UD
šer	𒋓	1.000	180	180	CUNEIFORM SIGN SHIR
mur	𒄯	0.994	178	179	CUNEIFORM SIGN HI TIMES ASH2
WA	𒉿	0.994	176	177	CUNEIFORM SIGN PI
ṣa	𒍝	1.000	176	176	CUNEIFORM SIGN ZA
ig	𒅅	0.994	175	176	CUNEIFORM SIGN IG
PUR	𒁓	1.000	175	175	CUNEIFORM SIGN BUR
KIRI₆	𒊬	1.000	174	174	CUNEIFORM SIGN SAR
sú	𒍪	0.983	170	173	CUNEIFORM SIGN ZU
ÚŠ	𒁁	1.000	172	172	CUNEIFORM SIGN BAD
MAŠ	𒈦	0.994	171	172	CUNEIFORM SIGN MASH
PAL	𒁄	0.988	168	170	CUNEIFORM SIGN BAL
GÍR	𒄈	0.988	167	169	CUNEIFORM SIGN GIR2
gul	𒄢	1.000	166	166	CUNEIFORM SIGN GUL
ḪAT	𒉺	1.000	166	166	CUNEIFORM SIGN PA
túl	𒇥	1.000	165	165	CUNEIFORM SIGN LAGAB TIMES U
IZI	𒉈	0.994	161	162	CUNEIFORM SIGN NE
QÍ	𒆠	1.000	161	161	CUNEIFORM SIGN KI
iṣ	𒄑	1.000	159	159	CUNEIFORM SIGN GISH
ḪAB	𒆸	1.000	159	159	CUNEIFORM SIGN LAGAB
ab	𒀊	0.987	154	156	CUNEIFORM SIGN AB
U₁₉	𒌷	0.994	155	156	CUNEIFORM SIGN URU
liš	𒇺	0.994	153	154	CUNEIFORM SIGN LISH
AD	𒀜	1.000	150	150	CUNEIFORM SIGN AD
AMAR	𒀫	1.000	149	149	CUNEIFORM SIGN AMAR
pur	𒁓	1.000	149	149	CUNEIFORM SIGN BUR
TÙ	𒁺	0.993	148	149	CUNEIFORM SIGN DU
ÚR	𒌫	1.000	148	148	CUNEIFORM SIGN UR2
DAḪ	𒈭	1.000	147	147	CUNEIFORM SIGN MU OVER MU
kà	𒂵	0.993	145	146	CUNEIFORM SIGN GA
IK	𒅅	0.993	145	146	CUNEIFORM SIGN IG
MUL	𒀯	0.972	141	145	CUNEIFORM SIGN AN THREE TIMES
KÉ	𒄀	1.000	145	145	CUNEIFORM SIGN GI
šú	𒋙	0.993	143	144	CUNEIFORM SIGN SHU2
ub	𒌒	0.993	143	144	CUNEIFORM SIGN UB
GIGIR	𒇀	0.993	142	143	CUNEIFORM SIGN LAGAB TIMES BAD
DIDLI	𒐀	1.000	138	138	CUNEIFORM NUMERIC SIGN TWO ASH
KUŠ₇	𒅖	1.000	137	137	CUNEIFORM SIGN ISH
SA	𒊓	1.000	136	136	CUNEIFORM SIGN SA
GU	𒄖	0.985	132	134	CUNEIFORM SIGN GU
KA×U	𒆇	0.993	133	134	CUNEIFORM SIGN KA TIMES U
ker	𒄫	1.000	133	133	CUNEIFORM SIGN HA GUNU
MUR	𒄯	1.000	132	132	CUNEIFORM SIGN HI TIMES ASH2
NAG	𒅘	1.000	131	131	CUNEIFORM SIGN KA TIMES A
ŠIR	𒋓	1.000	130	130	CUNEIFORM SIGN SHIR
píd	𒁁	1.000	129	129	CUNEIFORM SIGN BAD
MAR	𒈥	0.984	126	128	CUNEIFORM SIGN MAR
NIR	𒉪	1.000	127	127	CUNEIFORM SIGN NUN OVER NUN
𒉽	𒉽	1.000	125	125	CUNEIFORM SIGN PAP
NÍ	𒅎	0.992	124	125	CUNEIFORM SIGN IM
BÍ	𒉈	1.000	124	124	CUNEIFORM SIGN NE
BÀR	𒁖	1.000	124	124	CUNEIFORM SIGN DAG
GUR	𒄥	0.992	122	123	CUNEIFORM SIGN GUR
GIBIL	𒉋	1.000	123	123	CUNEIFORM SIGN NE SHESHIG
li₁₂	𒇺	1.000	120	120	CUNEIFORM SIGN LISH
ÚTUL	𒄰	1.000	119	119	CUNEIFORM SIGN HI TIMES BAD
IKU	𒃷	1.000	118	118	CUNEIFORM SIGN GAN2
NÍTA	𒀴	0.983	115	117	CUNEIFORM SIGN ARAD
GÀR	𒃼	0.991	115	116	CUNEIFORM SIGN GAR3
tu₄	𒌈	0.983	113	115	CUNEIFORM SIGN TUM
IṢ	𒄑	1.000	114	114	CUNEIFORM SIGN GISH
IG	𒅅	1.000	114	114	CUNEIFORM SIGN IG
MUŠ	𒈲	0.974	111	114	CUNEIFORM SIGN MUSH
MUN	𒁵	0.991	112	113	CUNEIFORM SIGN DIM TIMES SHE
LÍL	𒆤	0.965	109	113	CUNEIFORM SIGN KID
GIDIM	𒄇	0.991	110	111	CUNEIFORM SIGN GIDIM
si	𒋛	0.982	108	110	CUNEIFORM SIGN SI
GI₇	𒂠	1.000	109	109	CUNEIFORM SIGN ESH2
〈aš〉	𒀸	1.000	108	108	CUNEIFORM SIGN ASH
NÁ	𒈿	1.000	107	107	CUNEIFORM SIGN NA2
PÍ	𒁉	0.991	105	106	CUNEIFORM SIGN BI
iq	𒅅	0.990	98	99	CUNEIFORM SIGN IG
tim	𒁴	1.000	99	99	CUNEIFORM SIGN DIM
ib	𒅁	1.000	99	99	CUNEIFORM SIGN IB
GÌN	𒆳	0.980	96	98	CUNEIFORM SIGN KUR
lum	𒈝	1.000	98	98	CUNEIFORM SIGN LUM
SÍ	𒍣	1.000	97	97	CUNEIFORM SIGN ZI
𒑱	𒑱	0.979	92	94	CUNEIFORM PUNCTUATION SIGN VERTICAL COLON
ug	𒊌	0.989	93	94	CUNEIFORM SIGN PIRIG TIMES UD
SIR	𒋤	1.000	94	94	CUNEIFORM SIGN SUD
ÉRIN	𒂟	0.925	86	93	CUNEIFORM SIGN ERIN2
ÚS	𒍑	1.000	93	93	CUNEIFORM SIGN USH
TIR	𒌁	1.000	92	92	CUNEIFORM SIGN TIR
PÈŠ	𒈠	1.000	92	92	CUNEIFORM SIGN MA
tam	𒌓	1.000	91	91	CUNEIFORM SIGN UD
em	𒅎	1.000	91	91	CUNEIFORM SIGN IM
NIM	𒉏	0.989	90	91	CUNEIFORM SIGN NIM
sa	𒊓	1.000	87	87	CUNEIFORM SIGN SA
〈an〉	𒀭	1.000	86	86	CUNEIFORM SIGN AN
DAB	𒁳	0.977	84	86	CUNEIFORM SIGN DIB
DUGUD	𒂂	1.000	85	85	CUNEIFORM SIGN DUGUD
AL	𒀠	0.964	81	84	CUNEIFORM SIGN AL
ket₉	𒃰	1.000	84	84	CUNEIFORM SIGN GAD
ṢÚ	𒍪	1.000	83	83	CUNEIFORM SIGN ZU
ŠÈ	𒂠	0.976	81	83	CUNEIFORM SIGN ESH2
Šu	𒋗	1.000	82	82	CUNEIFORM SIGN SHU
BAT	𒁁	1.000	82	82	CUNEIFORM SIGN BAD
SUD	𒋤	0.988	80	81	CUNEIFORM SIGN SUD
ZÍ	𒍢	0.988	80	81	CUNEIFORM SIGN ZE2
GEŠTU	𒉿	1.000	80	80	CUNEIFORM SIGN PI
SE₂₀	𒍢	1.000	80	80	CUNEIFORM SIGN ZE2
bat	𒁁	1.000	78	78	CUNEIFORM SIGN BAD
tág	𒁖	1.000	78	78	CUNEIFORM SIGN DAG
ŠEN	𒊿	1.000	78	78	CUNEIFORM SIGN SHEN
su	𒋢	0.987	75	76	CUNEIFORM SIGN SU
DUR₅	𒀀	0.974	74	76	CUNEIFORM SIGN A
DI₁₂	𒋼	0.987	75	76	CUNEIFORM SIGN TE
NÍGIN	𒆸	0.987	74	75	CUNEIFORM SIGN LAGAB
ÁB	𒀖	1.000	75	75	CUNEIFORM SIGN AB2
BÀD	𒂥	0.986	73	74	CUNEIFORM SIGN EZEN TIMES AN
maš	𒈦	1.000	74	74	CUNEIFORM SIGN MASH
bé	𒁉	1.000	73	73	CUNEIFORM SIGN BI
as	𒊍	1.000	71	71	CUNEIFORM SIGN PIRIG TIMES ZA
ṢÍ	𒍣	1.000	71	71	CUNEIFORM SIGN ZI
gu	𒄖	0.986	70	71	CUNEIFORM SIGN GU
PÉŠ	𒉾	1.000	71	71	CUNEIFORM SIGN PESH2
PAB	𒉽	1.000	69	69	CUNEIFORM SIGN PAP
par	𒌓	1.000	69	69	CUNEIFORM SIGN UD
qí	𒆠	0.971	67	69	CUNEIFORM SIGN KI
gur	𒄥	1.000	69	69	CUNEIFORM SIGN GUR
DIN	𒁷	0.985	67	68	CUNEIFORM SIGN DIN
dá	𒋫	0.971	66	68	CUNEIFORM SIGN TA
SÁ	𒁲	1.000	68	68	CUNEIFORM SIGN DI
IQ	𒅅	1.000	68	68	CUNEIFORM SIGN IG
GÁN	𒃷	1.000	68	68	CUNEIFORM SIGN GAN2
KÀ	𒂵	1.000	67	67	CUNEIFORM SIGN GA
MÁ	𒈣	1.000	66	66	CUNEIFORM SIGN MA2
DU₈	𒂃	0.985	65	66	CUNEIFORM SIGN DUH
KID	𒆤	1.000	66	66	CUNEIFORM SIGN KID
AḪ	𒄴	1.000	65	65	CUNEIFORM SIGN HI TIMES NUN
bá	𒉺	1.000	64	64	CUNEIFORM SIGN PA
NE	𒉈	1.000	63	63	CUNEIFORM SIGN NE
DIŠ	𒁹	1.000	63	63	CUNEIFORM SIGN DISH
DUḪ	𒂃	1.000	63	63	CUNEIFORM SIGN DUH
GU₇	𒅥	0.968	61	63	CUNEIFORM SIGN KA TIMES GAR
be	𒁁	1.000	62	62	CUNEIFORM SIGN BAD
din	𒁷	0.968	60	62	CUNEIFORM SIGN DIN
aṣ	𒊍	1.000	61	61	CUNEIFORM SIGN PIRIG TIMES ZA
níš	𒄑	1.000	61	61	CUNEIFORM SIGN GISH
qú	𒂉	0.902	55	61	CUNEIFORM SIGN DUR2
NÉ	𒉌	1.000	61	61	CUNEIFORM SIGN NI
ṬUR	𒄙	1.000	59	59	CUNEIFORM SIGN GU2 TIMES KAK
PAP	𒉽	1.000	58	58	CUNEIFORM SIGN PAP
mé	𒈪	0.983	57	58	CUNEIFORM SIGN MI
kaš	𒁉	1.000	58	58	CUNEIFORM SIGN BI
qa	𒋡	0.964	54	56	CUNEIFORM SIGN SILA3
PAN	𒉼	1.000	56	56	CUNEIFORM SIGN PAN
SIG₇	𒅊	1.000	56	56	CUNEIFORM SIGN IGI GUNU
pi	𒉿	0.982	54	55	CUNEIFORM SIGN PI
ṣú	𒍪	0.982	54	55	CUNEIFORM SIGN ZU
piš	𒄫	1.000	54	54	CUNEIFORM SIGN HA GUNU
Ša	𒊭	1.000	53	53	CUNEIFORM SIGN SHA
ḪÚB	𒄸	1.000	53	53	CUNEIFORM SIGN HUB2
SUḪUR	𒋦	1.000	53	53	CUNEIFORM SIGN SUHUR
tàš	𒀾	0.981	51	52	CUNEIFORM SIGN ASH2
ṣe	𒍢	0.980	50	51	CUNEIFORM SIGN ZE2
AR	𒅈	0.980	50	51	CUNEIFORM SIGN IGI RI
LÙ	𒈖	1.000	51	51	CUNEIFORM SIGN LU3
ṬE₄	𒋼	1.000	50	50	CUNEIFORM SIGN TE
ÉSAG	𒃥	1.000	49	49	CUNEIFORM SIGN GA2 TIMES SHE
ḪUB	𒄽	0.980	48	49	CUNEIFORM SIGN HUB2 TIMES UD
GÚG	𒈖	1.000	49	49	CUNEIFORM SIGN LU3
nim	𒉏	1.000	48	48	CUNEIFORM SIGN NIM
〈〈x〉〉	▒	0.208	10	48	MEDIUM SHADE
APIN	𒀳	1.000	48	48	CUNEIFORM SIGN APIN
tá	𒁕	0.958	46	48	CUNEIFORM SIGN DA
MÈ	𒀞	1.000	48	48	CUNEIFORM SIGN AK TIMES ERIN2
PISAN	𒂷	0.979	47	48	CUNEIFORM SIGN GA2
TAB	𒋰	1.000	48	48	CUNEIFORM SIGN TAB
bar	𒁇	0.979	46	47	CUNEIFORM SIGN BAR
šul	𒂄	0.979	46	47	CUNEIFORM SIGN DUN
ḪAŠḪUR	𒈢	1.000	47	47	CUNEIFORM SIGN MA GUNU
KU₆	𒄩	1.000	47	47	CUNEIFORM SIGN HA
TIL	𒁁	1.000	46	46	CUNEIFORM SIGN BAD
BÁR	𒁈	1.000	46	46	CUNEIFORM SIGN BARA2
ana	𒁹	1.000	46	46	CUNEIFORM SIGN DISH
IZ	𒄑	1.000	45	45	CUNEIFORM SIGN GISH
ḪU	𒄷	1.000	45	45	CUNEIFORM SIGN HU
qé	𒆠	1.000	45	45	CUNEIFORM SIGN KI
ṣi	𒍢	0.978	44	45	CUNEIFORM SIGN ZE2
LIŠ	𒇺	1.000	45	45	CUNEIFORM SIGN LISH
eg	𒅅	1.000	45	45	CUNEIFORM SIGN IG
SÀ	𒍝	1.000	45	45	CUNEIFORM SIGN ZA
is	𒄑	1.000	44	44	CUNEIFORM SIGN GISH
aq	𒀝	1.000	44	44	CUNEIFORM SIGN AK
TAR	𒋻	1.000	44	44	CUNEIFORM SIGN TAR
DE	𒁲	1.000	44	44	CUNEIFORM SIGN DI
tab	𒋰	1.000	44	44	CUNEIFORM SIGN TAB
BURU₁₄	𒂘	1.000	43	43	CUNEIFORM SIGN EN TIMES GAN2
NIGA	𒊺	1.000	43	43	CUNEIFORM SIGN SHE
Ḫur	𒄯	1.000	42	42	CUNEIFORM SIGN HI TIMES ASH2
ṭe₄	𒋼	1.000	42	42	CUNEIFORM SIGN TE
lim	𒅆	1.000	42	42	CUNEIFORM SIGN IGI
GAZ	𒄤	1.000	41	41	CUNEIFORM SIGN GUM TIMES SHE
SUKKAL	𒈛	0.927	38	41	CUNEIFORM SIGN LUH
SILIM	𒁲	1.000	41	41	CUNEIFORM SIGN DI
DAGAL	𒂼	1.000	41	41	CUNEIFORM SIGN GA2 TIMES AN
ḪUM	𒈝	1.000	41	41	CUNEIFORM SIGN LUM
ner	𒉪	1.000	40	40	CUNEIFORM SIGN NUN OVER NUN
miš	𒈩	1.000	39	39	CUNEIFORM SIGN MES
de	𒁲	1.000	39	39	CUNEIFORM SIGN DI
SAḪAR	𒅖	1.000	39	39	CUNEIFORM SIGN ISH
AK	𒀝	1.000	39	39	CUNEIFORM SIGN AK
GÙN	𒁯	1.000	39	39	CUNEIFORM SIGN DAR
Á	𒀉	0.974	38	39	CUNEIFORM SIGN A2
DÌ	𒋾	1.000	38	38	CUNEIFORM SIGN TI
dì	𒋾	1.000	38	38	CUNEIFORM SIGN TI
bal	𒁄	1.000	38	38	CUNEIFORM SIGN BAL
TAG	𒋳	1.000	38	38	CUNEIFORM SIGN TAG
SIMUG	𒌣	0.974	37	38	CUNEIFORM SIGN UMUM
gaz	𒄤	1.000	38	38	CUNEIFORM SIGN GUM TIMES SHE
uq	𒊌	1.000	37	37	CUNEIFORM SIGN PIRIG TIMES UD
maḫ	𒈤	1.000	37	37	CUNEIFORM SIGN MAH
BUR	𒁓	1.000	37	37	CUNEIFORM SIGN BUR
ṭú	𒌅	1.000	37	37	CUNEIFORM SIGN TU
ÍB	𒌈	0.973	36	37	CUNEIFORM SIGN TUM
NAGA	𒉀	1.000	37	37	CUNEIFORM SIGN NAGA
zum	𒍮	1.000	37	37	CUNEIFORM SIGN ZUM
sà	𒍝	1.000	36	36	CUNEIFORM SIGN ZA
KIR₁₄	𒅯	1.000	36	36	CUNEIFORM SIGN KA TIMES KAK
〈	𒀭	0.114	4	35	CUNEIFORM SIGN AN
il₅	𒂖	0.971	34	35	CUNEIFORM SIGN EL
SAL	𒊩	1.000	35	35	CUNEIFORM SIGN SAL
MIT	𒁁	1.000	34	34	CUNEIFORM SIGN BAD
LUḪ	𒈛	0.971	33	34	CUNEIFORM SIGN LUH
nap	𒀮	1.000	33	33	CUNEIFORM SIGN AN OVER AN
lú	𒇽	1.000	33	33	CUNEIFORM SIGN LU2
2	𒁹	0.879	29	33	CUNEIFORM SIGN DISH
UMBIN	𒌢	1.000	33	33	CUNEIFORM SIGN UMBIN
SIG₄	𒋞	1.000	33	33	CUNEIFORM SIGN SIG4
ANA	𒁹	1.000	32	32	CUNEIFORM SIGN DISH
SU	𒋢	0.875	28	32	CUNEIFORM SIGN SU
ÌŠ	𒌍	1.000	31	31	CUNEIFORM SIGN U U U
Ki	𒆠	1.000	31	31	CUNEIFORM SIGN KI
〈na〉	𒈾	1.000	31	31	CUNEIFORM SIGN NA
eb	𒅁	1.000	31	31	CUNEIFORM SIGN IB
áš	𒀾	1.000	31	31	CUNEIFORM SIGN ASH2
KIŠ	𒆧	1.000	31	31	CUNEIFORM SIGN KISH
GURUN	𒄧	1.000	31	31	CUNEIFORM SIGN GURUN
TI₄	𒁲	1.000	30	30	CUNEIFORM SIGN DI
ṢE	𒍢	0.967	29	30	CUNEIFORM SIGN ZE2
ew	𒉿	1.000	30	30	CUNEIFORM SIGN PI
tin	𒁷	1.000	30	30	CUNEIFORM SIGN DIN
BALAG	𒁆	1.000	30	30	CUNEIFORM SIGN BALAG
pùš	𒄫	1.000	30	30	CUNEIFORM SIGN HA GUNU
us	𒊻	0.966	28	29	CUNEIFORM SIGN SHE HU
Tu	𒌅	1.000	29	29	CUNEIFORM SIGN TU
TÀŠ	𒀾	1.000	29	29	CUNEIFORM SIGN ASH2
qà	𒅗	0.966	28	29	CUNEIFORM SIGN KA
SIG₅	𒂟	0.517	15	29	CUNEIFORM SIGN ERIN2
DÀRA	𒁰	1.000	29	29	CUNEIFORM SIGN DARA3
QÉ	𒆠	1.000	29	29	CUNEIFORM SIGN KI
IR	𒅕	1.000	29	29	CUNEIFORM SIGN IR
ŠUB	𒊒	1.000	29	29	CUNEIFORM SIGN RU
Ḫu	𒄷	1.000	28	28	CUNEIFORM SIGN HU
GI₄	𒄄	1.000	28	28	CUNEIFORM SIGN GI4
AṢ	𒊍	1.000	28	28	CUNEIFORM SIGN PIRIG TIMES ZA
SÈD	𒈺	1.000	28	28	CUNEIFORM SIGN MUSH3 TIMES A
DU₆	𒇯	1.000	28	28	CUNEIFORM SIGN LAGAR GUNU
KIR₄	𒅗	1.000	28	28	CUNEIFORM SIGN KA
ÉLLAG	𒄵	1.000	28	28	CUNEIFORM SIGN HI TIMES SHE
UḪ	𒄴	1.000	27	27	CUNEIFORM SIGN HI TIMES NUN
GURUŠ	𒆗	1.000	27	27	CUNEIFORM SIGN KAL
ŠAL	𒊩	1.000	27	27	CUNEIFORM SIGN SAL
ZÀ	𒍠	1.000	27	27	CUNEIFORM SIGN ZAG
PÁT	𒁁	1.000	27	27	CUNEIFORM SIGN BAD
ìš	𒌍	1.000	27	27	CUNEIFORM SIGN U U U
Mi	𒈪	1.000	26	26	CUNEIFORM SIGN MI
IL	𒅋	1.000	26	26	CUNEIFORM SIGN IL
per	𒅁	0.538	14	26	CUNEIFORM SIGN IB
SUR₁₄	𒊕	1.000	26	26	CUNEIFORM SIGN SAG
šá	𒃻	1.000	26	26	CUNEIFORM SIGN GAR
URAŠ	𒅁	1.000	26	26	CUNEIFORM SIGN IB
uṣ	𒊻	1.000	26	26	CUNEIFORM SIGN SHE HU
URU₅	𒋽	1.000	26	26	CUNEIFORM SIGN TE GUNU
KUN	𒆲	1.000	26	26	CUNEIFORM SIGN KUN
MÚRU	𒌘	1.000	26	26	CUNEIFORM SIGN UD TIMES U PLUS U PLUS U GUNU
ÁŠ	𒀾	1.000	26	26	CUNEIFORM SIGN ASH2
rù	𒀸	1.000	25	25	CUNEIFORM SIGN ASH
u₄	𒌓	1.000	25	25	CUNEIFORM SIGN UD
tanₓ	𒁷	1.000	25	25	CUNEIFORM SIGN DIN
ten	𒋼	1.000	25	25	CUNEIFORM SIGN TE
numun	𒆰	1.000	25	25	CUNEIFORM SIGN KUL
ŠÁR	𒊹	1.000	25	25	CUNEIFORM SIGN SHAR2
UZ₆	𒍚	1.000	25	25	CUNEIFORM SIGN UZ3
ŠIM	𒋆	1.000	25	25	CUNEIFORM SIGN SHIM
kir	𒄫	1.000	25	25	CUNEIFORM SIGN HA GUNU
Ar	𒅈	1.000	24	24	CUNEIFORM SIGN IGI RI
ṭa	𒁕	1.000	24	24	CUNEIFORM SIGN DA
〉	𒌍	0.167	4	24	CUNEIFORM SIGN U U U
ṣí	𒍣	1.000	24	24	CUNEIFORM SIGN ZI
GAL₉	𒆗	1.000	24	24	CUNEIFORM SIGN KAL
ÌR	𒀴	1.000	24	24	CUNEIFORM SIGN ARAD
GÁ	𒂷	1.000	24	24	CUNEIFORM SIGN GA2
ZUM	𒍮	1.000	24	24	CUNEIFORM SIGN ZUM
kaz	𒄤	1.000	24	24	CUNEIFORM SIGN GUM TIMES SHE
danₓ	𒁉	0.625	15	24	CUNEIFORM SIGN BI
Ma	𒈠	1.000	23	23	CUNEIFORM SIGN MA
Za	𒍝	1.000	23	23	CUNEIFORM SIGN ZA
bí	𒉈	1.000	23	23	CUNEIFORM SIGN NE
KA₅	𒈜	1.000	23	23	CUNEIFORM SIGN LUL
PÌRIG	𒊌	0.957	22	23	CUNEIFORM SIGN PIRIG TIMES UD
NÚ	𒈿	1.000	23	23	CUNEIFORM SIGN NA2
uṭ	𒌓	0.957	22	23	CUNEIFORM SIGN UD
BAPPIR	𒋋	1.000	23	23	CUNEIFORM SIGN SHIM TIMES GAR
bíl	𒉋	1.000	22	22	CUNEIFORM SIGN NE SHESHIG
sí	𒍣	1.000	22	22	CUNEIFORM SIGN ZI
PIŠ	𒄫	1.000	22	22	CUNEIFORM SIGN HA GUNU
KALA	𒆗	1.000	22	22	CUNEIFORM SIGN KAL
KISAL	𒆦	1.000	22	22	CUNEIFORM SIGN KISAL
GAN	𒃶	1.000	22	22	CUNEIFORM SIGN GAN
MEŠ₄	𒌍	1.000	22	22	CUNEIFORM SIGN U U U
lì	𒅆	1.000	21	21	CUNEIFORM SIGN IGI
eq	𒅅	1.000	21	21	CUNEIFORM SIGN IG
iṭ	𒀉	1.000	21	21	CUNEIFORM SIGN A2
ḫat	𒉺	1.000	21	21	CUNEIFORM SIGN PA
SIKIL	𒂖	0.952	20	21	CUNEIFORM SIGN EL
pá	𒁀	1.000	21	21	CUNEIFORM SIGN BA
NA₄	𒉌	0.714	15	21	CUNEIFORM SIGN NI
U₄	𒌓	1.000	21	21	CUNEIFORM SIGN UD
keš	𒆧	1.000	21	21	CUNEIFORM SIGN KISH
ŠENNUR	𒄒	1.000	21	21	CUNEIFORM SIGN GISH CROSSING GISH
ŠÉŠ	𒋁	1.000	21	21	CUNEIFORM SIGN SHESH2
TÁ	𒁕	1.000	20	20	CUNEIFORM SIGN DA
eš₁₅	𒅖	1.000	20	20	CUNEIFORM SIGN ISH
gab	𒂃	1.000	20	20	CUNEIFORM SIGN DUH
〈i〉	𒄿	1.000	20	20	CUNEIFORM SIGN I
〈ta〉	𒋫	1.000	20	20	CUNEIFORM SIGN TA
KUR₄	𒆸	0.900	18	20	CUNEIFORM SIGN LAGAB
Pí	𒁉	1.000	19	19	CUNEIFORM SIGN BI
kúr	𒉽	1.000	19	19	CUNEIFORM SIGN PAP
kar	𒋼	0.474	9	19	CUNEIFORM SIGN TE
〈ša〉	𒊭	1.000	19	19	CUNEIFORM SIGN SHA
se	𒋛	1.000	19	19	CUNEIFORM SIGN SI
ṭi	𒁲	1.000	19	19	CUNEIFORM SIGN DI
AP	𒀊	0.947	18	19	CUNEIFORM SIGN AB
AZ	𒊍	1.000	19	19	CUNEIFORM SIGN PIRIG TIMES ZA
NUNUZ	𒉭	1.000	19	19	CUNEIFORM SIGN NUNUZ
〈iš〉	𒅖	1.000	19	19	CUNEIFORM SIGN ISH
kip	𒄒	1.000	19	19	CUNEIFORM SIGN GISH CROSSING GISH
SÌL	𒋡	1.000	19	19	CUNEIFORM SIGN SILA3
ḫaš	𒋻	0.947	18	19	CUNEIFORM SIGN TAR
DIB	𒁳	1.000	18	18	CUNEIFORM SIGN DIB
ṣu	𒍮	0.889	16	18	CUNEIFORM SIGN ZUM
ṭá	𒋫	1.000	18	18	CUNEIFORM SIGN TA
mì	𒈨	1.000	18	18	CUNEIFORM SIGN ME
qáb	𒆏	1.000	18	18	CUNEIFORM SIGN KAB
MAD	𒆳	1.000	18	18	CUNEIFORM SIGN KUR
DU₁₁	𒅗	1.000	18	18	CUNEIFORM SIGN KA
GÁB	𒆏	1.000	18	18	CUNEIFORM SIGN KAB
BANŠUR	𒍏	0.500	9	18	CUNEIFORM SIGN URUDA
BIL	𒉈	1.000	18	18	CUNEIFORM SIGN NE
é	𒂍	1.000	18	18	CUNEIFORM SIGN E2
kan	𒃶	1.000	18	18	CUNEIFORM SIGN GAN
Rasur	𒊭	0.111	2	18	CUNEIFORM SIGN SHA
…	▒	1.000	17	17	MEDIUM SHADE
Ku	𒂉	1.000	17	17	CUNEIFORM SIGN DUR2
ḪE	𒄭	1.000	17	17	CUNEIFORM SIGN HI
ṭù	𒁺	1.000	17	17	CUNEIFORM SIGN DU
aṭ	𒀜	1.000	17	17	CUNEIFORM SIGN AD
AQ	𒀝	1.000	17	17	CUNEIFORM SIGN AK
〈a〉	𒀀	1.000	17	17	CUNEIFORM SIGN A
kit₉	𒃰	1.000	17	17	CUNEIFORM SIGN GAD
〈nu〉	𒉡	1.000	17	17	CUNEIFORM SIGN NU
ET	𒀉	1.000	17	17	CUNEIFORM SIGN A2
ÙR	𒃡	0.882	15	17	CUNEIFORM SIGN GA2 TIMES NUN OVER NUN
MÌ	𒈨	1.000	17	17	CUNEIFORM SIGN ME
rum	𒀸	0.941	16	17	CUNEIFORM SIGN ASH
ZAL	𒉌	1.000	17	17	CUNEIFORM SIGN NI
nir	𒉪	1.000	17	17	CUNEIFORM SIGN NUN OVER NUN
rat	𒋥	1.000	17	17	CUNEIFORM SIGN SUD2
DÁ	𒋫	1.000	17	17	CUNEIFORM SIGN TA
LE	𒇷	1.000	17	17	CUNEIFORM SIGN LI
ZÁḪ	𒌑	0.353	6	17	CUNEIFORM SIGN U2
ba₄	𒂷	1.000	17	17	CUNEIFORM SIGN GA2
BAR₈	𒂘	1.000	17	17	CUNEIFORM SIGN EN TIMES GAN2
Ḫé	𒃶	1.000	16	16	CUNEIFORM SIGN GAN
kúl	𒄢	1.000	16	16	CUNEIFORM SIGN GUL
〈ma〉	𒈠	1.000	16	16	CUNEIFORM SIGN MA
〈zi〉	𒍣	0.938	15	16	CUNEIFORM SIGN ZI
KÙŠ	𒌑	1.000	16	16	CUNEIFORM SIGN U2
MAŠKIM	𒆸	1.000	16	16	CUNEIFORM SIGN LAGAB
BÉ	𒁉	1.000	16	16	CUNEIFORM SIGN BI
LÁM	𒉈	1.000	16	16	CUNEIFORM SIGN NE
{x}	▒	1.000	16	16	MEDIUM SHADE
Ka	𒅗	1.000	15	15	CUNEIFORM SIGN KA
Ḫat	𒉺	1.000	15	15	CUNEIFORM SIGN PA
Ta	𒋫	1.000	15	15	CUNEIFORM SIGN TA
UKU	𒂇	1.000	15	15	CUNEIFORM SIGN DUN3 GUNU GUNU
〈da〉	𒁕	1.000	15	15	CUNEIFORM SIGN DA
HI	𒀀	0.400	6	15	CUNEIFORM SIGN A
BÁ	𒉺	1.000	15	15	CUNEIFORM SIGN PA
qá	𒂵	1.000	15	15	CUNEIFORM SIGN GA
ti₄	𒁲	1.000	15	15	CUNEIFORM SIGN DI
RE	𒊑	1.000	15	15	CUNEIFORM SIGN RI
liq	𒌨	1.000	15	15	CUNEIFORM SIGN UR
ṢI	𒍢	1.000	15	15	CUNEIFORM SIGN ZE2
MÚ	𒊬	1.000	15	15	CUNEIFORM SIGN SAR
lik	𒌨	1.000	15	15	CUNEIFORM SIGN UR
ṢAR	𒇡	1.000	15	15	CUNEIFORM SIGN LAGAB TIMES SUM
NAP	𒀮	0.933	14	15	CUNEIFORM SIGN AN OVER AN
gi₅	𒆠	1.000	15	15	CUNEIFORM SIGN KI
ZALAG	𒌓	0.867	13	15	CUNEIFORM SIGN UD
ṣur	𒀫	1.000	14	14	CUNEIFORM SIGN AMAR
mil	𒅖	1.000	14	14	CUNEIFORM SIGN ISH
ṭì	𒋾	1.000	14	14	CUNEIFORM SIGN TI
lem	𒅆	1.000	14	14	CUNEIFORM SIGN IGI
tan	𒆗	0.929	13	14	CUNEIFORM SIGN KAL
igi	𒅆	0.929	13	14	CUNEIFORM SIGN IGI
lak	𒋃	1.000	14	14	CUNEIFORM SIGN SHID
NAGAR	𒉄	1.000	14	14	CUNEIFORM SIGN NAGAR
ḪAP	𒆸	0.929	13	14	CUNEIFORM SIGN LAGAB
BÚN	𒅮	1.000	14	14	CUNEIFORM SIGN KA TIMES IM
qu	𒄣	1.000	13	13	CUNEIFORM SIGN GUM
Mu	𒈬	1.000	13	13	CUNEIFORM SIGN MU
Zi	𒍣	1.000	13	13	CUNEIFORM SIGN ZI
pe	𒉿	1.000	13	13	CUNEIFORM SIGN PI
kab	𒆏	1.000	13	13	CUNEIFORM SIGN KAB
ESI	𒆗	0.923	12	13	CUNEIFORM SIGN KAL
〈ši〉	𒅆	1.000	13	13	CUNEIFORM SIGN IGI
ʾa	𒀪	1.000	13	13	CUNEIFORM SIGN ALEPH
〈u〉	𒌋	0.923	12	13	CUNEIFORM SIGN U
〈ri〉	𒊑	1.000	13	13	CUNEIFORM SIGN RI
〈A〉	𒀀	1.000	13	13	CUNEIFORM SIGN A
šir	𒋓	0.846	11	13	CUNEIFORM SIGN SHIR
šà	𒊮	1.000	13	13	CUNEIFORM SIGN SHA3
šàm	𒉓	1.000	13	13	CUNEIFORM SIGN NINDA2 TIMES AN
QÚ	𒂉	1.000	13	13	CUNEIFORM SIGN DUR2
TÁM	𒁮	1.000	13	13	CUNEIFORM SIGN DAM
〈〈aš〉〉	𒊭	0.231	3	13	CUNEIFORM SIGN SHA
lu₄	𒈝	1.000	13	13	CUNEIFORM SIGN LUM
GIN₇	𒁶	0.923	12	13	CUNEIFORM SIGN DIM2
ZÚ	𒅗	0.923	12	13	CUNEIFORM SIGN KA
¬¬¬	𒆷	0.154	2	13	CUNEIFORM SIGN LA
TÚ	𒌓	1.000	13	13	CUNEIFORM SIGN UD
Na	𒈾	1.000	12	12	CUNEIFORM SIGN NA
KIL	𒆸	1.000	12	12	CUNEIFORM SIGN LAGAB
UZ	𒊻	1.000	12	12	CUNEIFORM SIGN SHE HU
en₆	𒅔	1.000	12	12	CUNEIFORM SIGN IN
šúm	𒋧	1.000	12	12	CUNEIFORM SIGN SUM
ʾu	𒀪	1.000	12	12	CUNEIFORM SIGN ALEPH
SÌLA	𒋡	1.000	12	12	CUNEIFORM SIGN SILA3
ITI	𒌗	1.000	12	12	CUNEIFORM SIGN UD TIMES U PLUS U PLUS U
DÙG	𒄭	1.000	12	12	CUNEIFORM SIGN HI
kul	𒆰	1.000	12	12	CUNEIFORM SIGN KUL
EDIN	𒂔	1.000	12	12	CUNEIFORM SIGN EDIN
TU₄	𒌈	1.000	11	11	CUNEIFORM SIGN TUM
UGU	𒌋	0.909	10	11	CUNEIFORM SIGN U
?	▒	0.182	2	11	MEDIUM SHADE
de₄	𒋼	1.000	11	11	CUNEIFORM SIGN TE
〈ti〉	𒋾	1.000	11	11	CUNEIFORM SIGN TI
mim	𒊩	1.000	11	11	CUNEIFORM SIGN SAL
IŠTAR	𒁯	0.545	6	11	CUNEIFORM SIGN DAR
〈ḫa〉	𒄩	1.000	11	11	CUNEIFORM SIGN HA
〈za〉	𒍝	1.000	11	11	CUNEIFORM SIGN ZA
PÍŠ	𒉾	1.000	11	11	CUNEIFORM SIGN PESH2
GAD	𒃰	1.000	11	11	CUNEIFORM SIGN GAD
LA₅	𒇳	1.000	11	11	CUNEIFORM SIGN LAL TIMES LAL
〈uš〉	𒍑	1.000	11	11	CUNEIFORM SIGN USH
LÁL	𒇳	1.000	11	11	CUNEIFORM SIGN LAL TIMES LAL
sag	𒊕	1.000	11	11	CUNEIFORM SIGN SAG
URI	𒌵	1.000	11	11	CUNEIFORM SIGN URI
BÚGIN	𒇅	1.000	11	11	CUNEIFORM SIGN LAGAB TIMES GAR
KE₄	𒆤	1.000	11	11	CUNEIFORM SIGN KID
ṢÉ	𒍣	1.000	11	11	CUNEIFORM SIGN ZI
Ga	𒂵	1.000	11	11	CUNEIFORM SIGN GA
ṬÙ	𒁺	1.000	11	11	CUNEIFORM SIGN DU
nàr	𒉪	1.000	11	11	CUNEIFORM SIGN NUN OVER NUN
Wa	𒉿	1.000	10	10	CUNEIFORM SIGN PI
ŠID	𒋃	1.000	10	10	CUNEIFORM SIGN SHID
ID	𒀉	1.000	10	10	CUNEIFORM SIGN A2
〈wa〉	𒉿	1.000	10	10	CUNEIFORM SIGN PI
ṣé	𒍣	1.000	10	10	CUNEIFORM SIGN ZI
〈in〉	𒅔	1.000	10	10	CUNEIFORM SIGN IN
〈at〉	𒀜	0.900	9	10	CUNEIFORM SIGN AD
táq	𒁖	1.000	10	10	CUNEIFORM SIGN DAG
šip	𒈨	0.900	9	10	CUNEIFORM SIGN ME
〈D〉	𒀭	1.000	10	10	CUNEIFORM SIGN AN
še₂₀	𒅆	0.900	9	10	CUNEIFORM SIGN IGI
〈ra〉	𒊏	1.000	10	10	CUNEIFORM SIGN RA
〈e〉	𒂊	1.000	10	10	CUNEIFORM SIGN E
tú	𒌓	1.000	10	10	CUNEIFORM SIGN UD
IP	𒅁	0.900	9	10	CUNEIFORM SIGN IB
kad	𒃰	1.000	10	10	CUNEIFORM SIGN GAD
KAŠ₄	𒁽	1.000	10	10	CUNEIFORM SIGN DU SHESHIG
dáb	𒋰	1.000	10	10	CUNEIFORM SIGN TAB
KÁN	𒃷	1.000	10	10	CUNEIFORM SIGN GAN2
LAMMA	𒆗	0.900	9	10	CUNEIFORM SIGN KAL
KU₅	𒋻	0.900	9	10	CUNEIFORM SIGN TAR
KUL	𒆰	1.000	10	10	CUNEIFORM SIGN KUL
LÌ	𒅆	0.900	9	10	CUNEIFORM SIGN IGI
ŠÁ	𒃻	1.000	10	10	CUNEIFORM SIGN GAR
ÈN	𒇷	1.000	10	10	CUNEIFORM SIGN LI
GIŠIMMAR	𒊷	1.000	10	10	CUNEIFORM SIGN SHA6
GILIM	𒄃	1.000	10	10	CUNEIFORM SIGN GI CROSSING GI
KÉŠ	𒂡	1.000	10	10	CUNEIFORM SIGN EZEN
dú	𒌅	1.000	10	10	CUNEIFORM SIGN TU
RIN	𒆸	1.000	10	10	CUNEIFORM SIGN LAGAB
DUR	𒄙	1.000	10	10	CUNEIFORM SIGN GU2 TIMES KAK
ke₄	𒆤	1.000	10	10	CUNEIFORM SIGN KID
AṬ	𒀜	1.000	10	10	CUNEIFORM SIGN AD
ḫí	𒃶	1.000	10	10	CUNEIFORM SIGN GAN
DU₄	𒍑	0.600	6	10	CUNEIFORM SIGN USH
tip	𒁳	1.000	10	10	CUNEIFORM SIGN DIB
〈ia〉	𒅀	1.000	10	10	CUNEIFORM SIGN I A
pír	𒂟	1.000	10	10	CUNEIFORM SIGN ERIN2
šel₄	𒊩	1.000	10	10	CUNEIFORM SIGN SAL
ERI₁₁	𒀔	1.000	10	10	CUNEIFORM SIGN AB TIMES U PLUS U PLUS U
šub	𒊒	1.000	10	10	CUNEIFORM SIGN RU
DÁM	𒌓	1.000	10	10	CUNEIFORM SIGN UD
rad	𒋥	1.000	10	10	CUNEIFORM SIGN SUD2
ḪA₆	𒄫	1.000	10	10	CUNEIFORM SIGN HA GUNU
Pa	𒉺	1.000	9	9	CUNEIFORM SIGN PA
Iš	𒅖	1.000	9	9	CUNEIFORM SIGN ISH
TAP	𒋰	0.889	8	9	CUNEIFORM SIGN TAB
te₉	𒋾	0.889	8	9	CUNEIFORM SIGN TI
la₁₂	𒇴	1.000	9	9	CUNEIFORM SIGN LAM
〈li〉	𒇷	1.000	9	9	CUNEIFORM SIGN LI
lí	𒉌	1.000	9	9	CUNEIFORM SIGN NI
〈eš〉	𒌍	1.000	9	9	CUNEIFORM SIGN U U U
US	𒊻	1.000	9	9	CUNEIFORM SIGN SHE HU
ŠÁM	𒉚	1.000	9	9	CUNEIFORM SIGN NINDA2 TIMES SHE
GUZ	𒈝	1.000	9	9	CUNEIFORM SIGN LUM
〈ni〉	𒉌	1.000	9	9	CUNEIFORM SIGN NI
LIBₓ	𒇴	1.000	9	9	CUNEIFORM SIGN LAM
má	𒈣	1.000	9	9	CUNEIFORM SIGN MA2
sa₂₀	𒊭	1.000	9	9	CUNEIFORM SIGN SHA
muš	𒈲	1.000	9	9	CUNEIFORM SIGN MUSH
bad	𒁁	1.000	9	9	CUNEIFORM SIGN BAD
dè	𒉈	1.000	9	9	CUNEIFORM SIGN NE
ZÉ	𒍢	1.000	9	9	CUNEIFORM SIGN ZE2
Te	𒋼	1.000	9	9	CUNEIFORM SIGN TE
〈RA〉	𒊏	1.000	9	9	CUNEIFORM SIGN RA
ÀR	𒄯	1.000	9	9	CUNEIFORM SIGN HI TIMES ASH2
BÁRA	𒁈	1.000	9	9	CUNEIFORM SIGN BARA2
=	▒	0.667	6	9	MEDIUM SHADE
Ul	𒌌	1.000	8	8	CUNEIFORM SIGN U GUD
Am	𒄠	1.000	8	8	CUNEIFORM SIGN GUD TIMES KUR
Ḫal	𒄬	1.000	8	8	CUNEIFORM SIGN HAL
ṢU	𒍮	1.000	8	8	CUNEIFORM SIGN ZUM
Ti	𒋾	1.000	8	8	CUNEIFORM SIGN TI
in₄	𒂗	1.000	8	8	CUNEIFORM SIGN EN
〈la〉	𒆷	1.000	8	8	CUNEIFORM SIGN LA
tám	𒁮	1.000	8	8	CUNEIFORM SIGN DAM
ṭur	𒄙	1.000	8	8	CUNEIFORM SIGN GU2 TIMES KAK
〈URU〉	𒌷	1.000	8	8	CUNEIFORM SIGN URU
AŠGAB	𒀿	1.000	8	8	CUNEIFORM SIGN ASHGAB
UK	𒊌	1.000	8	8	CUNEIFORM SIGN PIRIG TIMES UD
KAP	𒆏	1.000	8	8	CUNEIFORM SIGN KAB
PAD	𒉻	1.000	8	8	CUNEIFORM SIGN PAD
DÍM	𒁶	1.000	8	8	CUNEIFORM SIGN DIM2
ḫap	𒆸	1.000	8	8	CUNEIFORM SIGN LAGAB
SES	𒋀	1.000	8	8	CUNEIFORM SIGN SHESH
paš	𒄫	1.000	8	8	CUNEIFORM SIGN HA GUNU
AS	𒊍	1.000	8	8	CUNEIFORM SIGN PIRIG TIMES ZA
〈a	𒀀	1.000	8	8	CUNEIFORM SIGN A
〈ru〉	𒊒	1.000	8	8	CUNEIFORM SIGN RU
bur	𒁓	1.000	8	8	CUNEIFORM SIGN BUR
DUL₉	𒌪	1.000	8	8	CUNEIFORM SIGN UR SHESHIG
lugal	𒈗	1.000	8	8	CUNEIFORM SIGN LUGAL
KIB	𒄒	1.000	8	8	CUNEIFORM SIGN GISH CROSSING GISH
KISIM₅×x	▒	1.000	8	8	MEDIUM SHADE
lá	𒇲	0.750	6	8	CUNEIFORM SIGN LAL
〈pí〉	𒁉	1.000	8	8	CUNEIFORM SIGN BI
===	▒	0.875	7	8	MEDIUM SHADE
ís	𒅖	1.000	8	8	CUNEIFORM SIGN ISH
gar	𒃻	1.000	8	8	CUNEIFORM SIGN GAR
GALGA	𒃌	1.000	8	8	CUNEIFORM SIGN GA2 TIMES GAR
SÍSKUR	𒀬	1.000	8	8	CUNEIFORM SIGN AMAR TIMES SHE
La	𒆷	1.000	8	8	CUNEIFORM SIGN LA
UṢ	𒊻	1.000	8	8	CUNEIFORM SIGN SHE HU
peš	𒄫	1.000	8	8	CUNEIFORM SIGN HA GUNU
ŠUDUN₄	𒂈	1.000	8	8	CUNEIFORM SIGN DUN4
DAN	𒆗	1.000	8	8	CUNEIFORM SIGN KAL
šè	𒂠	1.000	8	8	CUNEIFORM SIGN ESH2
Aš	𒀸	1.000	7	7	CUNEIFORM SIGN ASH
Ši	𒅆	1.000	7	7	CUNEIFORM SIGN IGI
Du	𒁺	1.000	7	7	CUNEIFORM SIGN DU
〈pa〉	𒉺	1.000	7	7	CUNEIFORM SIGN PA
ʾi	𒀪	1.000	7	7	CUNEIFORM SIGN ALEPH
NIN	𒊩	0.571	4	7	CUNEIFORM SIGN SAL
lil	𒇸	0.857	6	7	CUNEIFORM SIGN LIL
dum	𒌈	1.000	7	7	CUNEIFORM SIGN TUM
NAB	𒀮	1.000	7	7	CUNEIFORM SIGN AN OVER AN
daḫ	𒈭	1.000	7	7	CUNEIFORM SIGN MU OVER MU
〈šu〉	𒋗	1.000	7	7	CUNEIFORM SIGN SHU
ŠUL	𒂄	1.000	7	7	CUNEIFORM SIGN DUN
hu	𒅖	0.286	2	7	CUNEIFORM SIGN ISH
sù	𒋤	1.000	7	7	CUNEIFORM SIGN SUD
SAKAR	𒌓	0.429	3	7	CUNEIFORM SIGN UD
È	𒌓	0.571	4	7	CUNEIFORM SIGN UD
RUM	𒀸	1.000	7	7	CUNEIFORM SIGN ASH
/	𒁍	0.286	2	7	CUNEIFORM SIGN BU
〈ḫu〉	𒄷	1.000	7	7	CUNEIFORM SIGN HU
LAL	𒇲	1.000	7	7	CUNEIFORM SIGN LAL
SUR	𒋩	1.000	7	7	CUNEIFORM SIGN SUR
UR₅	𒄯	0.857	6	7	CUNEIFORM SIGN HI TIMES ASH2
GÚR	𒃵	1.000	7	7	CUNEIFORM SIGN GAM
NUNDUM	𒅻	1.000	7	7	CUNEIFORM SIGN KA TIMES NUN
N	𒀀	0.286	2	7	CUNEIFORM SIGN A
〈ik〉	𒅅	1.000	7	7	CUNEIFORM SIGN IG
〈da	𒁕	1.000	7	7	CUNEIFORM SIGN DA
〈im〉	𒅎	1.000	7	7	CUNEIFORM SIGN IM
šad	𒆳	1.000	7	7	CUNEIFORM SIGN KUR
pat	𒉻	1.000	7	7	CUNEIFORM SIGN PAD
Tup	𒁾	1.000	7	7	CUNEIFORM SIGN DUB
TAL	𒊑	1.000	7	7	CUNEIFORM SIGN RI
la?	𒆷	1.000	7	7	CUNEIFORM SIGN LA
gá	𒂷	1.000	7	7	CUNEIFORM SIGN GA2
sàk	𒉺	1.000	7	7	CUNEIFORM SIGN PA
ÍD	𒇉	0.667	4	6	CUNEIFORM SIGN LAGAB TIMES HAL
Ne	𒉈	1.000	6	6	CUNEIFORM SIGN NE
〈aḫ〉	𒄴	1.000	6	6	CUNEIFORM SIGN HI TIMES NUN
ḪUL	𒌨	0.667	4	6	CUNEIFORM SIGN UR
〈〈	▒	0.333	2	6	MEDIUM SHADE
ter	𒌁	1.000	6	6	CUNEIFORM SIGN TIR
gi₄	𒄄	1.000	6	6	CUNEIFORM SIGN GI4
20	𒌋	1.000	6	6	CUNEIFORM SIGN U
ṭu	𒂆	1.000	6	6	CUNEIFORM SIGN DUN3 GUNU
kí	𒄀	1.000	6	6	CUNEIFORM SIGN GI
tur	𒌉	1.000	6	6	CUNEIFORM SIGN TUR
ŠUR	𒋩	1.000	6	6	CUNEIFORM SIGN SUR
uʾ	𒀪	1.000	6	6	CUNEIFORM SIGN ALEPH
MÉ	𒈪	1.000	6	6	CUNEIFORM SIGN MI
ma〉	𒈠	0.833	5	6	CUNEIFORM SIGN MA
〈te〉	𒋼	1.000	6	6	CUNEIFORM SIGN TE
ʾ	𒀀	1.000	6	6	CUNEIFORM SIGN A
〈〈nu〉〉	▒	0.167	1	6	MEDIUM SHADE
〈it〉	𒀉	1.000	6	6	CUNEIFORM SIGN A2
NA〉	𒈾	1.000	6	6	CUNEIFORM SIGN NA
+n	▒	1.000	6	6	MEDIUM SHADE
pan	𒉼	1.000	6	6	CUNEIFORM SIGN PAN
MAN	𒌋	0.833	5	6	CUNEIFORM SIGN U
KÍN	𒄯	1.000	6	6	CUNEIFORM SIGN HI TIMES ASH2
MUG	𒈮	1.000	6	6	CUNEIFORM SIGN MUG
DUL₈	𒁇	0.833	5	6	CUNEIFORM SIGN BAR
BUGIN	𒆹	1.000	6	6	CUNEIFORM SIGN LAGAB TIMES A
KAB	𒆏	1.000	6	6	CUNEIFORM SIGN KAB
NIMGIR	𒂇	0.833	5	6	CUNEIFORM SIGN DUN3 GUNU GUNU
U₈	𒇇	1.000	6	6	CUNEIFORM SIGN LAGAB TIMES GUD PLUS GUD
〈LÚ〉	𒇽	1.000	6	6	CUNEIFORM SIGN LU2
i〉	𒄿	1.000	6	6	CUNEIFORM SIGN I
gu₅	𒂉	1.000	6	6	CUNEIFORM SIGN DUR2
pè	𒁁	1.000	6	6	CUNEIFORM SIGN BAD
SÙ	𒋤	1.000	6	6	CUNEIFORM SIGN SUD
ÍL	𒅍	1.000	6	6	CUNEIFORM SIGN IL2
gú	𒄘	1.000	6	6	CUNEIFORM SIGN GU2
DAR	𒁯	1.000	6	6	CUNEIFORM SIGN DAR
kib	𒄒	1.000	6	6	CUNEIFORM SIGN GISH CROSSING GISH
gál	𒅅	1.000	6	6	CUNEIFORM SIGN IG
gin₇	𒁶	1.000	6	6	CUNEIFORM SIGN DIM2
às	𒀸	1.000	6	6	CUNEIFORM SIGN ASH
níg	𒃻	1.000	6	6	CUNEIFORM SIGN GAR
MES	𒈩	0.833	5	6	CUNEIFORM SIGN MES
Še	𒊺	1.000	6	6	CUNEIFORM SIGN SHE
SIG₁₇	𒄀	1.000	6	6	CUNEIFORM SIGN GI
eṭ	𒀉	0.833	5	6	CUNEIFORM SIGN A2
kùr	𒄥	1.000	6	6	CUNEIFORM SIGN GUR
PÁR	𒁇	1.000	6	6	CUNEIFORM SIGN BAR
EḪ	𒄴	0.833	5	6	CUNEIFORM SIGN HI TIMES NUN
ŠÈR	𒂡	1.000	6	6	CUNEIFORM SIGN EZEN
QÁ	𒂵	1.000	6	6	CUNEIFORM SIGN GA
ALAMₓ	𒊩	0.333	2	6	CUNEIFORM SIGN SAL
SÉ	𒍣	1.000	6	6	CUNEIFORM SIGN ZI
ELAM	𒉏	1.000	6	6	CUNEIFORM SIGN NIM
nun	𒉣	1.000	6	6	CUNEIFORM SIGN NUN
xx	▒	1.000	6	6	MEDIUM SHADE
MUHALDIM	𒌍	0.833	5	6	CUNEIFORM SIGN U U U
kàr	𒃼	1.000	6	6	CUNEIFORM SIGN GAR3
¬	▒	0.500	3	6	MEDIUM SHADE
tuš	𒂉	1.000	6	6	CUNEIFORM SIGN DUR2
ḪABRUD	𒆢	1.000	6	6	CUNEIFORM SIGN KI TIMES U
ṭup	𒁾	1.000	5	5	CUNEIFORM SIGN DUB
Ia	𒅀	1.000	5	5	CUNEIFORM SIGN I A
Šar	𒊬	1.000	5	5	CUNEIFORM SIGN SAR
ṬUP	𒁾	1.000	5	5	CUNEIFORM SIGN DUB
PI	𒉿	1.000	5	5	CUNEIFORM SIGN PI
Ḫi	𒄭	1.000	5	5	CUNEIFORM SIGN HI
IL₅	𒂖	1.000	5	5	CUNEIFORM SIGN EL
〈〈x	▒	0.600	3	5	MEDIUM SHADE
nab	𒀮	1.000	5	5	CUNEIFORM SIGN AN OVER AN
〈tu〉	𒌅	1.000	5	5	CUNEIFORM SIGN TU
šak	𒊕	1.000	5	5	CUNEIFORM SIGN SAG
él	𒅋	1.000	5	5	CUNEIFORM SIGN IL
ka₄b	𒄿	0.600	3	5	CUNEIFORM SIGN I
es	𒄑	1.000	5	5	CUNEIFORM SIGN GISH
súm	𒍮	1.000	5	5	CUNEIFORM SIGN ZUM
〈lu〉	𒇻	1.000	5	5	CUNEIFORM SIGN LU
eṣ	𒄑	1.000	5	5	CUNEIFORM SIGN GISH
rib	𒆗	1.000	5	5	CUNEIFORM SIGN KAL
〈ar〉	𒅈	1.000	5	5	CUNEIFORM SIGN IGI RI
ta〉	𒋫	0.600	3	5	CUNEIFORM SIGN TA
〈ki〉	𒆠	1.000	5	5	CUNEIFORM SIGN KI
qar	𒃼	1.000	5	5	CUNEIFORM SIGN GAR3
aʾ	𒀪	1.000	5	5	CUNEIFORM SIGN ALEPH
ṭí	𒄭	1.000	5	5	CUNEIFORM SIGN HI
zal	𒉌	1.000	5	5	CUNEIFORM SIGN NI
TAḪ	𒈭	1.000	5	5	CUNEIFORM SIGN MU OVER MU
túr	𒄙	1.000	5	5	CUNEIFORM SIGN GU2 TIMES KAK
ʾe	𒀪	1.000	5	5	CUNEIFORM SIGN ALEPH
HUR	𒊕	0.400	2	5	CUNEIFORM SIGN SAG
zi?	𒍣	1.000	5	5	CUNEIFORM SIGN ZI
〉〉	𒅀	0.200	1	5	CUNEIFORM SIGN I A
zi〉	𒍣	1.000	5	5	CUNEIFORM SIGN ZI
〈ez〉	𒄑	1.000	5	5	CUNEIFORM SIGN GISH
ŠU〉	𒋗	1.000	5	5	CUNEIFORM SIGN SHU
aš〉	𒀸	1.000	5	5	CUNEIFORM SIGN ASH
šaḫ	𒋚	1.000	5	5	CUNEIFORM SIGN SHUBUR
kalam	𒌦	1.000	5	5	CUNEIFORM SIGN UN
KUD	𒋻	1.000	5	5	CUNEIFORM SIGN TAR
na〉	𒈾	1.000	5	5	CUNEIFORM SIGN NA
RÍ	𒌷	1.000	5	5	CUNEIFORM SIGN URU
ABUL	𒆍	1.000	5	5	CUNEIFORM SIGN KA2
ṭum	𒌈	1.000	5	5	CUNEIFORM SIGN TUM
1/2	𒊭	0.600	3	5	CUNEIFORM SIGN SHA
dù	𒆕	1.000	5	5	CUNEIFORM SIGN KAK
luḫ	𒈛	1.000	5	5	CUNEIFORM SIGN LUH
pir	𒌓	1.000	5	5	CUNEIFORM SIGN UD
Š	𒊩	0.400	2	5	CUNEIFORM SIGN SAL
ʾE	𒀪	1.000	5	5	CUNEIFORM SIGN ALEPH
KIR	𒄫	1.000	5	5	CUNEIFORM SIGN HA GUNU
wí	𒈾	0.200	1	5	CUNEIFORM SIGN NA
〈er〉	𒅕	1.000	5	5	CUNEIFORM SIGN IR
páṭ	𒁁	0.800	4	5	CUNEIFORM SIGN BAD
ṭar	𒋻	0.800	4	5	CUNEIFORM SIGN TAR
〈〈an〉〉	𒈾	0.400	2	5	CUNEIFORM SIGN NA
táḫ	𒂃	1.000	5	5	CUNEIFORM SIGN DUH
TUG	𒌇	1.000	5	5	CUNEIFORM SIGN TUK
ŠINIG	𒋒	1.000	5	5	CUNEIFORM SIGN SHINIG
lal	𒇲	1.000	5	5	CUNEIFORM SIGN LAL
taš	𒌨	1.000	5	5	CUNEIFORM SIGN UR
qut	𒋻	1.000	5	5	CUNEIFORM SIGN TAR
leer	▒	1.000	5	5	MEDIUM SHADE
SUMUN	𒁁	1.000	5	5	CUNEIFORM SIGN BAD
ṭe	𒁲	0.800	4	5	CUNEIFORM SIGN DI
li₈	𒀖	1.000	5	5	CUNEIFORM SIGN AB2
zul	𒂄	1.000	5	5	CUNEIFORM SIGN DUN
SÎN	𒌋	0.600	3	5	CUNEIFORM SIGN U
〈GIŠ〉	𒄑	1.000	5	5	CUNEIFORM SIGN GISH
Tar	𒋻	1.000	5	5	CUNEIFORM SIGN TAR
Tal	𒊑	1.000	5	5	CUNEIFORM SIGN RI
asal	𒍂	1.000	5	5	CUNEIFORM SIGN URU TIMES IGI
tèg	𒋼	1.000	5	5	CUNEIFORM SIGN TE
ge₂₆	𒂷	1.000	5	5	CUNEIFORM SIGN GA2
Pu	𒁍	1.000	4	4	CUNEIFORM SIGN BU
Lu	𒇻	1.000	4	4	CUNEIFORM SIGN LU
Ni	𒉌	1.000	4	4	CUNEIFORM SIGN NI
zar	𒇡	1.000	4	4	CUNEIFORM SIGN LAGAB TIMES SUM
du₄	𒄿	0.250	1	4	CUNEIFORM SIGN I
ga₁₄	𒅗	1.000	4	4	CUNEIFORM SIGN KA
kál	𒃲	1.000	4	4	CUNEIFORM SIGN GAL
š	𒂊	0.250	1	4	CUNEIFORM SIGN E
sal	𒊩	1.000	4	4	CUNEIFORM SIGN SAL
tì	𒁴	1.000	4	4	CUNEIFORM SIGN DIM
lìb	𒊮	1.000	4	4	CUNEIFORM SIGN SHA3
〈aš	𒀸	1.000	4	4	CUNEIFORM SIGN ASH
qè	𒄀	1.000	4	4	CUNEIFORM SIGN GI
〈MA〉	𒈠	1.000	4	4	CUNEIFORM SIGN MA
〈A	𒀀	1.000	4	4	CUNEIFORM SIGN A
dim	𒁴	1.000	4	4	CUNEIFORM SIGN DIM
ha	𒍑	0.250	1	4	CUNEIFORM SIGN USH
ḫab	𒆸	1.000	4	4	CUNEIFORM SIGN LAGAB
ṬE	𒁲	1.000	4	4	CUNEIFORM SIGN DI
〈ú〉	𒌑	1.000	4	4	CUNEIFORM SIGN U2
silim	𒁲	1.000	4	4	CUNEIFORM SIGN DI
MÍ	𒊩	1.000	4	4	CUNEIFORM SIGN SAL
KÚRUN	𒁷	1.000	4	4	CUNEIFORM SIGN DIN
nè	𒊊	1.000	4	4	CUNEIFORM SIGN PIRIG
ŠÀM	𒉓	1.000	4	4	CUNEIFORM SIGN NINDA2 TIMES AN
11	𒌋	1.000	4	4	CUNEIFORM SIGN U
SÚM	𒍮	1.000	4	4	CUNEIFORM SIGN ZUM
”TE”	𒁇	0.250	1	4	CUNEIFORM SIGN BAR
+	𒁹	0.250	1	4	CUNEIFORM SIGN DISH
ḪAŠ	𒌋	1.000	4	4	CUNEIFORM SIGN U
〈ŠA〉	𒊭	1.000	4	4	CUNEIFORM SIGN SHA
ŠUKUR	𒌍	0.500	2	4	CUNEIFORM SIGN U U U
Pád	𒁁	1.000	4	4	CUNEIFORM SIGN BAD
〈〈zi〉〉	𒄭	0.250	1	4	CUNEIFORM SIGN HI
DANNA	𒁹	0.500	2	4	CUNEIFORM SIGN DISH
〈nu	𒉡	1.000	4	4	CUNEIFORM SIGN NU
an〉	𒀭	1.000	4	4	CUNEIFORM SIGN AN
〈ŠI	𒅆	1.000	4	4	CUNEIFORM SIGN IGI
DUG₄	𒅗	1.000	4	4	CUNEIFORM SIGN KA
×	𒊍	0.500	2	4	CUNEIFORM SIGN PIRIG TIMES ZA
SÌ	𒋧	1.000	4	4	CUNEIFORM SIGN SUM
GE	𒄀	1.000	4	4	CUNEIFORM SIGN GI
X	▒	0.250	1	4	MEDIUM SHADE
𒀹ku	𒂉	1.000	4	4	CUNEIFORM SIGN DUR2
UG₄	𒌓	1.000	4	4	CUNEIFORM SIGN UD
ZAR	𒇡	1.000	4	4	CUNEIFORM SIGN LAGAB TIMES SUM
ÁG	𒉘	1.000	4	4	CUNEIFORM SIGN NINDA2 TIMES NE
SILA	𒋻	0.750	3	4	CUNEIFORM SIGN TAR
DÚB	𒁆	1.000	4	4	CUNEIFORM SIGN BALAG
ḪÉ	𒃶	1.000	4	4	CUNEIFORM SIGN GAN
dím	𒁶	1.000	4	4	CUNEIFORM SIGN DIM2
KALAM	𒌦	1.000	4	4	CUNEIFORM SIGN UN
ama	𒂼	1.000	4	4	CUNEIFORM SIGN GA2 TIMES AN
LUKUR	𒇻	0.250	1	4	CUNEIFORM SIGN LU
sá	𒁲	1.000	4	4	CUNEIFORM SIGN DI
kit	𒆤	1.000	4	4	CUNEIFORM SIGN KID
kid₉	𒃰	1.000	4	4	CUNEIFORM SIGN GAD
tag	𒋳	1.000	4	4	CUNEIFORM SIGN TAG
In	𒅔	1.000	4	4	CUNEIFORM SIGN IN
〈du〉	𒁺	1.000	4	4	CUNEIFORM SIGN DU
〈am〉	𒄠	1.000	4	4	CUNEIFORM SIGN GUD TIMES KUR
〈tar〉	𒋻	1.000	4	4	CUNEIFORM SIGN TAR
〈ša	𒊭	1.000	4	4	CUNEIFORM SIGN SHA
ḪIA	𒃲	0.500	2	4	CUNEIFORM SIGN GAL
KALAG	𒆗	1.000	4	4	CUNEIFORM SIGN KAL
ṣar	𒇡	1.000	4	4	CUNEIFORM SIGN LAGAB TIMES SUM
〈ku〉	𒂉	1.000	4	4	CUNEIFORM SIGN DUR2
KA₄	𒋡	1.000	4	4	CUNEIFORM SIGN SILA3
〈an	𒀭	0.750	3	4	CUNEIFORM SIGN AN
KA×GIŠ	􀀃	1.000	4	4	(unnamed)
ARA₅	𒄯	1.000	4	4	CUNEIFORM SIGN HI TIMES ASH2
〈〈ši〉〉	𒈠	0.250	1	4	CUNEIFORM SIGN MA
UBUR	𒁛	1.000	4	4	CUNEIFORM SIGN DAG KISIM5 TIMES GA
n+	▒	1.000	4	4	MEDIUM SHADE
〈up〉	𒌒	1.000	4	4	CUNEIFORM SIGN UB
DIM	𒁴	1.000	4	4	CUNEIFORM SIGN DIM
ki:ia	𒀭	0.500	2	4	CUNEIFORM SIGN AN
KUM	𒄣	1.000	4	4	CUNEIFORM SIGN GUM
gam	𒃵	1.000	4	4	CUNEIFORM SIGN GAM
GIG	𒉭	0.500	2	4	CUNEIFORM SIGN NUNUZ
Šat	𒆳	1.000	4	4	CUNEIFORM SIGN KUR
〈ÚTUL〉	𒄰	1.000	4	4	CUNEIFORM SIGN HI TIMES BAD
gán	𒃷	1.000	4	4	CUNEIFORM SIGN GAN2
DADAG	𒌋	0.250	1	4	CUNEIFORM SIGN U
NÈ	𒊊	1.000	4	4	CUNEIFORM SIGN PIRIG
IṬ	𒀉	1.000	4	4	CUNEIFORM SIGN A2
ṬÌ	𒋾	1.000	4	4	CUNEIFORM SIGN TI
li₁₃	𒉋	1.000	4	4	CUNEIFORM SIGN NE SHESHIG
ḫup	𒄽	1.000	4	4	CUNEIFORM SIGN HUB2 TIMES UD
nu〈〈nu〉〉	𒉡	1.000	4	4	CUNEIFORM SIGN NU
dup	𒁾	1.000	4	4	CUNEIFORM SIGN DUB
SULLIM	𒂘	1.000	4	4	CUNEIFORM SIGN EN TIMES GAN2
gàr	𒃼	1.000	4	4	CUNEIFORM SIGN GAR3
MD	𒅔	0.500	2	4	CUNEIFORM SIGN IN
ku₅	𒋻	0.750	3	4	CUNEIFORM SIGN TAR
sukkal	𒈛	1.000	4	4	CUNEIFORM SIGN LUH
šèr	𒂡	1.000	4	4	CUNEIFORM SIGN EZEN
síg	𒋠	1.000	4	4	CUNEIFORM SIGN SIK2
nag	𒅘	1.000	4	4	CUNEIFORM SIGN KA TIMES A
ŠAKIR	𒍀	1.000	4	4	CUNEIFORM SIGN URU TIMES GU
inim	𒅗	1.000	4	4	CUNEIFORM SIGN KA
tu₆	𒅲	1.000	4	4	CUNEIFORM SIGN KA TIMES LI
bak	𒄷	1.000	4	4	CUNEIFORM SIGN HU
kas₄	𒁽	1.000	4	4	CUNEIFORM SIGN DU SHESHIG
kíl	𒄃	1.000	3	3	CUNEIFORM SIGN GI CROSSING GI
saₓ	𒊭	1.000	3	3	CUNEIFORM SIGN SHA
ús	𒍑	1.000	3	3	CUNEIFORM SIGN USH
Úr	𒌫	1.000	3	3	CUNEIFORM SIGN UR2
:ku	𒉿	0.333	1	3	CUNEIFORM SIGN PI
Al	𒀠	1.000	3	3	CUNEIFORM SIGN AL
An	𒀭	1.000	3	3	CUNEIFORM SIGN AN
El	𒂖	1.000	3	3	CUNEIFORM SIGN EL
:ma	𒄿	0.333	1	3	CUNEIFORM SIGN I
〈še〉	𒊺	1.000	3	3	CUNEIFORM SIGN SHE
SÍK	𒋠	1.000	3	3	CUNEIFORM SIGN SIK2
ca	▒	0.667	2	3	MEDIUM SHADE
〈LUGAL〉	𒈗	0.667	2	3	CUNEIFORM SIGN LUGAL
kín	𒄯	1.000	3	3	CUNEIFORM SIGN HI TIMES ASH2
14	1	0.667	2	3	DIGIT ONE
ga₅	𒋡	1.000	3	3	CUNEIFORM SIGN SILA3
mul	𒀯	1.000	3	3	CUNEIFORM SIGN AN THREE TIMES
gám	𒄰	1.000	3	3	CUNEIFORM SIGN HI TIMES BAD
〈e	𒂊	1.000	3	3	CUNEIFORM SIGN E
GE₄	𒄄	1.000	3	3	CUNEIFORM SIGN GI4
wa〉	𒉿	0.667	2	3	CUNEIFORM SIGN PI
〈DINGIR	𒀭	1.000	3	3	CUNEIFORM SIGN AN
ṭé	𒄭	1.000	3	3	CUNEIFORM SIGN HI
ah	𒀠	0.333	1	3	CUNEIFORM SIGN AL
GÍGIR	𒇥	1.000	3	3	CUNEIFORM SIGN LAGAB TIMES U
+1	𒁹	1.000	3	3	CUNEIFORM SIGN DISH
pì	𒁁	1.000	3	3	CUNEIFORM SIGN BAD
〈BI	𒁍	0.333	1	3	CUNEIFORM SIGN BU
eri₁₁	𒀔	1.000	3	3	CUNEIFORM SIGN AB TIMES U PLUS U PLUS U
LÚGUD	𒆸	1.000	3	3	CUNEIFORM SIGN LAGAB
KÍ	𒄀	1.000	3	3	CUNEIFORM SIGN GI
TÚL	𒇥	1.000	3	3	CUNEIFORM SIGN LAGAB TIMES U
ÁB×A	𒌉	0.333	1	3	CUNEIFORM SIGN TUR
šag	𒊕	1.000	3	3	CUNEIFORM SIGN SAG
aš?	𒀸	1.000	3	3	CUNEIFORM SIGN ASH
GA₅	𒋡	1.000	3	3	CUNEIFORM SIGN SILA3
ie	𒅀	1.000	3	3	CUNEIFORM SIGN I A
〈ḪUR〉	𒄯	1.000	3	3	CUNEIFORM SIGN HI TIMES ASH2
ṬAR	𒋻	1.000	3	3	CUNEIFORM SIGN TAR
〈I	𒄿	1.000	3	3	CUNEIFORM SIGN I
pit	𒂍	1.000	3	3	CUNEIFORM SIGN E2
MURUB₄	𒌘	1.000	3	3	CUNEIFORM SIGN UD TIMES U PLUS U PLUS U GUNU
SAₓ	𒊭	1.000	3	3	CUNEIFORM SIGN SHA
ÁZLAG	𒌆	1.000	3	3	CUNEIFORM SIGN TUG2
DÙR	𒈨	0.333	1	3	CUNEIFORM SIGN ME
IS	𒄑	1.000	3	3	CUNEIFORM SIGN GISH
〈m〉	𒁹	1.000	3	3	CUNEIFORM SIGN DISH
|	▒	1.000	3	3	MEDIUM SHADE
GIR	𒄫	0.667	2	3	CUNEIFORM SIGN HA GUNU
dag	𒁖	1.000	3	3	CUNEIFORM SIGN DAG
UL₄	𒄉	1.000	3	3	CUNEIFORM SIGN GIR2 GUNU
BUL	𒇧	1.000	3	3	CUNEIFORM SIGN LAGAB TIMES U PLUS U PLUS U
ŠÁKAN	𒄊	1.000	3	3	CUNEIFORM SIGN GIR3
GÉŠTUG	𒅆	0.333	1	3	CUNEIFORM SIGN IGI
sur	𒋩	1.000	3	3	CUNEIFORM SIGN SUR
𒀹ḫa	𒄩	0.333	1	3	CUNEIFORM SIGN HA
𒀹aš	𒀸	1.000	3	3	CUNEIFORM SIGN ASH
du₁₁	𒅗	1.000	3	3	CUNEIFORM SIGN KA
ALIM	𒄋	1.000	3	3	CUNEIFORM SIGN GIR3 TIMES A PLUS IGI
šeš	𒋀	1.000	3	3	CUNEIFORM SIGN SHESH
LUL	𒈜	1.000	3	3	CUNEIFORM SIGN LUL
búr	𒁔	1.000	3	3	CUNEIFORM SIGN BUR2
UŠ₁₁	𒅜	1.000	3	3	CUNEIFORM SIGN KA TIMES BAD
KU₄	𒆭	1.000	3	3	CUNEIFORM SIGN KU4
šim	𒋆	1.000	3	3	CUNEIFORM SIGN SHIM
kin	𒆥	1.000	3	3	CUNEIFORM SIGN KIN
GUNNI	𒆠	0.667	2	3	CUNEIFORM SIGN KI
ša〉	𒊭	1.000	3	3	CUNEIFORM SIGN SHA
ERIN	𒂞	1.000	3	3	CUNEIFORM SIGN EREN
〈we〉	𒊄	0.667	2	3	CUNEIFORM SIGN PI TIMES E
tir	𒌁	1.000	3	3	CUNEIFORM SIGN TIR
MEŠ4	𒊕	0.667	2	3	CUNEIFORM SIGN SAG
〈〈na〉〉	𒀜	0.333	1	3	CUNEIFORM SIGN AD
〈ga〉	𒂵	1.000	3	3	CUNEIFORM SIGN GA
SA₅	𒋛	0.667	2	3	CUNEIFORM SIGN SI
〈〈wa〉〉	𒉿	0.333	1	3	CUNEIFORM SIGN PI
GÍG	𒈪	1.000	3	3	CUNEIFORM SIGN MI
ÍLDAG	𒄟	1.000	3	3	CUNEIFORM SIGN GUD TIMES A PLUS KUR
LAḪTA	𒉴	1.000	3	3	CUNEIFORM SIGN NUNUZ AB2 TIMES LA
〈ku	𒂉	1.000	3	3	CUNEIFORM SIGN DUR2
ki〉	𒆠	1.000	3	3	CUNEIFORM SIGN KI
TAQ	𒋳	1.000	3	3	CUNEIFORM SIGN TAG
XXX	𒀸	0.667	2	3	CUNEIFORM SIGN ASH
suₓ	𒋗	1.000	3	3	CUNEIFORM SIGN SHU
gal₉	𒆗	1.000	3	3	CUNEIFORM SIGN KAL
G	𒄈	0.333	1	3	CUNEIFORM SIGN GIR2
šan	𒉓	1.000	3	3	CUNEIFORM SIGN NINDA2 TIMES AN
Pít	𒁁	1.000	3	3	CUNEIFORM SIGN BAD
〈MUNUS〉	𒊩	1.000	3	3	CUNEIFORM SIGN SAL
GAR₅	𒈖	1.000	3	3	CUNEIFORM SIGN LU3
SI₁₇	𒅆	1.000	3	3	CUNEIFORM SIGN IGI
dar	𒁯	1.000	3	3	CUNEIFORM SIGN DAR
UQ	𒊌	1.000	3	3	CUNEIFORM SIGN PIRIG TIMES UD
wuu	𒊇	1.000	3	3	CUNEIFORM SIGN PI TIMES U
QU	𒄣	1.000	3	3	CUNEIFORM SIGN GUM
〈tal〉	𒊑	1.000	3	3	CUNEIFORM SIGN RI
giš	𒄑	1.000	3	3	CUNEIFORM SIGN GISH
〈mi〉	𒈪	1.000	3	3	CUNEIFORM SIGN MI
šarₓ	𒋓	1.000	3	3	CUNEIFORM SIGN SHIR
23	2	1.000	3	3	DIGIT TWO
dáš	𒁹	1.000	3	3	CUNEIFORM SIGN DISH
SIN	𒌍	1.000	3	3	CUNEIFORM SIGN U U U
sar	𒊬	0.667	2	3	CUNEIFORM SIGN SAR
GUD	𒄞	1.000	3	3	CUNEIFORM SIGN GUD
ṣal	𒉌	1.000	3	3	CUNEIFORM SIGN NI
LAGAB	𒆸	1.000	3	3	CUNEIFORM SIGN LAGAB
ár	𒌒	1.000	3	3	CUNEIFORM SIGN UB
ṣir	𒈲	1.000	3	3	CUNEIFORM SIGN MUSH
GÌŠ	𒍑	1.000	3	3	CUNEIFORM SIGN USH
〈〈ŠA〉〉	𒅗	0.333	1	3	CUNEIFORM SIGN KA
〈ZA〉	𒍝	1.000	3	3	CUNEIFORM SIGN ZA
tíš	𒌨	1.000	3	3	CUNEIFORM SIGN UR
〈az〉	𒊍	1.000	3	3	CUNEIFORM SIGN PIRIG TIMES ZA
RÙ	𒀸	1.000	3	3	CUNEIFORM SIGN ASH
〈UB〉	𒌒	1.000	3	3	CUNEIFORM SIGN UB
waa	𒊀	1.000	3	3	CUNEIFORM SIGN PI TIMES A
eri	𒌷	1.000	3	3	CUNEIFORM SIGN URU
ui	𒊅	1.000	3	3	CUNEIFORM SIGN PI TIMES I
an?	𒀭	1.000	3	3	CUNEIFORM SIGN AN
i?	𒄿	1.000	3	3	CUNEIFORM SIGN I
ta?	𒋫	1.000	3	3	CUNEIFORM SIGN TA
NA4	𒄯	1.000	3	3	CUNEIFORM SIGN HI TIMES ASH2
MIM	𒊩	1.000	3	3	CUNEIFORM SIGN SAL
gìri	𒄊	1.000	3	3	CUNEIFORM SIGN GIR3
GI₆	𒈪	1.000	3	3	CUNEIFORM SIGN MI
dùg	𒄭	1.000	3	3	CUNEIFORM SIGN HI
sum	𒋧	1.000	3	3	CUNEIFORM SIGN SUM
engur	𒇉	1.000	3	3	CUNEIFORM SIGN LAGAB TIMES HAL
lap	𒆗	1.000	3	3	CUNEIFORM SIGN KAL
šìr	𒂡	1.000	3	3	CUNEIFORM SIGN EZEN
D+	𒀭	1.000	3	3	CUNEIFORM SIGN AN
ALAN	𒀩	1.000	3	3	CUNEIFORM SIGN ALAN
ṣab	𒂟	1.000	3	3	CUNEIFORM SIGN ERIN2
dir₄	𒌁	1.000	3	3	CUNEIFORM SIGN TIR
UDUG	𒌜	1.000	3	3	CUNEIFORM SIGN UDUG
tuku	𒌇	1.000	3	3	CUNEIFORM SIGN TUK
gub	𒁺	1.000	3	3	CUNEIFORM SIGN DU
Nu	𒉡	1.000	2	2	CUNEIFORM SIGN NU
:kán	𒋫	1.000	2	2	CUNEIFORM SIGN TA
Up	𒌒	1.000	2	2	CUNEIFORM SIGN UB
Pár	𒁇	1.000	2	2	CUNEIFORM SIGN BAR
Eḫ	𒄴	1.000	2	2	CUNEIFORM SIGN HI TIMES NUN
Me	𒈨	1.000	2	2	CUNEIFORM SIGN ME
ḫaz	𒋻	1.000	2	2	CUNEIFORM SIGN TAR
an〉〉	▒	1.000	2	2	MEDIUM SHADE
:al	𒆷	0.500	1	2	CUNEIFORM SIGN LA
z	▒	0.500	1	2	MEDIUM SHADE
ti₇	𒋼	1.000	2	2	CUNEIFORM SIGN TE
Kum	𒄣	1.000	2	2	CUNEIFORM SIGN GUM
Zeichen	𒐌	0.500	1	2	CUNEIFORM NUMERIC SIGN SEVEN DISH
EṢ	𒄑	1.000	2	2	CUNEIFORM SIGN GISH
za〈〈u〉〉	𒍝	1.000	2	2	CUNEIFORM SIGN ZA
kát	𒆐	1.000	2	2	CUNEIFORM SIGN KAD2
ša?	𒊭	1.000	2	2	CUNEIFORM SIGN SHA
〈ke〉	𒆠	1.000	2	2	CUNEIFORM SIGN KI
qi	𒆥	1.000	2	2	CUNEIFORM SIGN KIN
ta₅	𒌓	1.000	2	2	CUNEIFORM SIGN UD
kè	𒀝	1.000	2	2	CUNEIFORM SIGN AK
′a	𒊭	0.500	1	2	CUNEIFORM SIGN SHA
bit	𒂍	1.000	2	2	CUNEIFORM SIGN E2
lib	𒈜	1.000	2	2	CUNEIFORM SIGN LUL
du〉	𒁺	1.000	2	2	CUNEIFORM SIGN DU
muḫ	𒅗	0.500	1	2	CUNEIFORM SIGN KA
àš	𒐋	1.000	2	2	CUNEIFORM NUMERIC SIGN SIX DISH
ìl	𒀭	1.000	2	2	CUNEIFORM SIGN AN
ia〉	𒅀	1.000	2	2	CUNEIFORM SIGN I A
〈KUR	𒆳	1.000	2	2	CUNEIFORM SIGN KUR
QUT	𒋻	1.000	2	2	CUNEIFORM SIGN TAR
〈〈ta〉〉ta	𒋫	1.000	2	2	CUNEIFORM SIGN TA
〈Ú	𒌑	1.000	2	2	CUNEIFORM SIGN U2
〈ŠI〉	𒅆	1.000	2	2	CUNEIFORM SIGN IGI
ḫíš	𒍨	1.000	2	2	CUNEIFORM SIGN ZIG
qe	𒆥	1.000	2	2	CUNEIFORM SIGN KIN
šam	𒌑	1.000	2	2	CUNEIFORM SIGN U2
〈ṣa〉	𒍝	1.000	2	2	CUNEIFORM SIGN ZA
GAB	𒂃	1.000	2	2	CUNEIFORM SIGN DUH
PÉT	𒁁	1.000	2	2	CUNEIFORM SIGN BAD
𒑱za	𒍝	0.500	1	2	CUNEIFORM SIGN ZA
gim	𒁶	1.000	2	2	CUNEIFORM SIGN DIM2
qì	𒄀	1.000	2	2	CUNEIFORM SIGN GI
a+	𒀀	1.000	2	2	CUNEIFORM SIGN A
ti₅	𒁁	1.000	2	2	CUNEIFORM SIGN BAD
KAD	𒃰	1.000	2	2	CUNEIFORM SIGN GAD
SAGI	𒋡	1.000	2	2	CUNEIFORM SIGN SILA3
x〉〉	𒀀	0.500	1	2	CUNEIFORM SIGN A
RÁ	𒁺	1.000	2	2	CUNEIFORM SIGN DU
MÉŠ	𒈨	1.000	2	2	CUNEIFORM SIGN ME
GI₅	𒆠	1.000	2	2	CUNEIFORM SIGN KI
GI/GIŠ	𒂷	0.500	1	2	CUNEIFORM SIGN GA2
“TE”	𒁇	1.000	2	2	CUNEIFORM SIGN BAR
KEŠDA	𒂡	1.000	2	2	CUNEIFORM SIGN EZEN
KAN	𒃶	1.000	2	2	CUNEIFORM SIGN GAN
〈〈ŠI〉〉	𒌷	0.500	1	2	CUNEIFORM SIGN URU
〈tén〉	𒁷	1.000	2	2	CUNEIFORM SIGN DIN
〈〈du〉〉	𒃷	0.500	1	2	CUNEIFORM SIGN GAN2
MASKIM	𒌷	1.000	2	2	CUNEIFORM SIGN URU
an〈〈zi〉〉	𒀭	1.000	2	2	CUNEIFORM SIGN AN
〈GIDRU〉	𒉺	1.000	2	2	CUNEIFORM SIGN PA
〈〈ia〉〉	𒈪	0.500	1	2	CUNEIFORM SIGN MI
〈pé〉	𒁉	1.000	2	2	CUNEIFORM SIGN BI
〈ul〉	𒌌	1.000	2	2	CUNEIFORM SIGN U GUD
〈LÚ	𒇽	1.000	2	2	CUNEIFORM SIGN LU2
ED	𒀉	1.000	2	2	CUNEIFORM SIGN A2
UG₆	𒉡	0.500	1	2	CUNEIFORM SIGN NU
DUP	𒁾	1.000	2	2	CUNEIFORM SIGN DUB
iu	𒅀	1.000	2	2	CUNEIFORM SIGN I A
zap	𒂟	1.000	2	2	CUNEIFORM SIGN ERIN2
ké	𒄀	1.000	2	2	CUNEIFORM SIGN GI
gáb	𒆏	1.000	2	2	CUNEIFORM SIGN KAB
ÉŠ	𒂠	1.000	2	2	CUNEIFORM SIGN ESH2
ḪUŠ	𒄭	1.000	2	2	CUNEIFORM SIGN HI
kél	𒉌	0.500	1	2	CUNEIFORM SIGN NI
ALAD	𒆘	1.000	2	2	CUNEIFORM SIGN KAL TIMES BAD
𒀹ar	𒅈	1.000	2	2	CUNEIFORM SIGN IGI RI
𒀹x	▒	1.000	2	2	MEDIUM SHADE
𒀹tar	𒋻	1.000	2	2	CUNEIFORM SIGN TAR
𒀹a	𒌋	0.500	1	2	CUNEIFORM SIGN U
lamma	𒆗	1.000	2	2	CUNEIFORM SIGN KAL
bàn	𒌉	1.000	2	2	CUNEIFORM SIGN TUR
kù	𒆬	1.000	2	2	CUNEIFORM SIGN KU3
gašan	𒃽	1.000	2	2	CUNEIFORM SIGN GASHAN
NU₁₁	𒋓	1.000	2	2	CUNEIFORM SIGN SHIR
DUN	𒂄	1.000	2	2	CUNEIFORM SIGN DUN
DAL	𒊑	1.000	2	2	CUNEIFORM SIGN RI
NÚM	𒈝	1.000	2	2	CUNEIFORM SIGN LUM
RÚ	𒆕	0.500	1	2	CUNEIFORM SIGN KAK
kak	𒆕	1.000	2	2	CUNEIFORM SIGN KAK
〈i	𒄿	1.000	2	2	CUNEIFORM SIGN I
SUN₅	𒁔	1.000	2	2	CUNEIFORM SIGN BUR2
GÙ	𒅗	1.000	2	2	CUNEIFORM SIGN KA
šir₉	𒊬	1.000	2	2	CUNEIFORM SIGN SAR
DÚ	𒌅	1.000	2	2	CUNEIFORM SIGN TU
sé	𒍣	1.000	2	2	CUNEIFORM SIGN ZI
gim₄	𒁽	1.000	2	2	CUNEIFORM SIGN DU SHESHIG
dàra	𒁰	1.000	2	2	CUNEIFORM SIGN DARA3
kíd	𒋺	1.000	2	2	CUNEIFORM SIGN TAK4
áb	𒀖	1.000	2	2	CUNEIFORM SIGN AB2
tàl	𒀸	1.000	2	2	CUNEIFORM SIGN ASH
ARGAB	▒	0.500	1	2	MEDIUM SHADE
DEN	𒁷	1.000	2	2	CUNEIFORM SIGN DIN
an›	𒀀	0.500	1	2	CUNEIFORM SIGN A
〈ut〉	𒌓	1.000	2	2	CUNEIFORM SIGN UD
:ag	𒂵	1.000	2	2	CUNEIFORM SIGN GA
:pu	𒌌	1.000	2	2	CUNEIFORM SIGN U GUD
num	𒉏	1.000	2	2	CUNEIFORM SIGN NIM
šàr	𒈗	1.000	2	2	CUNEIFORM SIGN LUGAL
at〉	𒀜	1.000	2	2	CUNEIFORM SIGN AD
Ḫ	𒄿	0.500	1	2	CUNEIFORM SIGN I
〈〈na	𒀉	0.500	1	2	CUNEIFORM SIGN A2
man	𒌋	1.000	2	2	CUNEIFORM SIGN U
〈ut	𒌓	1.000	2	2	CUNEIFORM SIGN UD
tar〉	𒋻	1.000	2	2	CUNEIFORM SIGN TAR
LÀM	𒈨	1.000	2	2	CUNEIFORM SIGN ME
šap	𒉺	1.000	2	2	CUNEIFORM SIGN PA
〈〈tum〉〉	𒅁	1.000	2	2	CUNEIFORM SIGN IB
ŠÙ	𒂠	1.000	2	2	CUNEIFORM SIGN ESH2
〈〈ḫa〉〉	𒍝	0.500	1	2	CUNEIFORM SIGN ZA
〈ip〉	𒅁	1.000	2	2	CUNEIFORM SIGN IB
er〉	𒅕	1.000	2	2	CUNEIFORM SIGN IR
aḫ〉	𒄴	1.000	2	2	CUNEIFORM SIGN HI TIMES NUN
UG	𒊌	1.000	2	2	CUNEIFORM SIGN PIRIG TIMES UD
GISKIM	𒁾	1.000	2	2	CUNEIFORM SIGN DUB
'e	𒅕	0.500	1	2	CUNEIFORM SIGN IR
ḪUP	𒄽	1.000	2	2	CUNEIFORM SIGN HUB2 TIMES UD
BÙR	𒌋	1.000	2	2	CUNEIFORM SIGN U
o	𒄷	0.500	1	2	CUNEIFORM SIGN HU
GE₇	𒂠	1.000	2	2	CUNEIFORM SIGN ESH2
at〈	𒀀	1.000	2	2	CUNEIFORM SIGN A
NIN₉	𒈠	1.000	2	2	CUNEIFORM SIGN MA
Az	𒊍	1.000	2	2	CUNEIFORM SIGN PIRIG TIMES ZA
TÌ	𒁴	1.000	2	2	CUNEIFORM SIGN DIM
qám	𒄰	1.000	2	2	CUNEIFORM SIGN HI TIMES BAD
ší	𒋛	1.000	2	2	CUNEIFORM SIGN SI
〈UDU〉	𒇻	1.000	2	2	CUNEIFORM SIGN LU
NINDA〉	𒂟	0.500	1	2	CUNEIFORM SIGN ERIN2
RAŠ	𒆜	1.000	2	2	CUNEIFORM SIGN KASKAL
MÁŠDA	𒇽	0.500	1	2	CUNEIFORM SIGN LU2
k	𒊺	0.500	1	2	CUNEIFORM SIGN SHE
〈x〉	▒	1.000	2	2	MEDIUM SHADE
ma〈〈aš〉〉	𒈠	1.000	2	2	CUNEIFORM SIGN MA
〈ur〉	𒌨	1.000	2	2	CUNEIFORM SIGN UR
zan	𒂍	0.500	1	2	CUNEIFORM SIGN E2
ni〉	𒉌	1.000	2	2	CUNEIFORM SIGN NI
BIBRI	𒄾	1.000	2	2	CUNEIFORM SIGN HUL2
ri?	𒊑	1.000	2	2	CUNEIFORM SIGN RI
iš?	𒅖	1.000	2	2	CUNEIFORM SIGN ISH
〈AN〉	𒀭	1.000	2	2	CUNEIFORM SIGN AN
〈〈e〉〉	𒍣	0.500	1	2	CUNEIFORM SIGN ZI
II	𒅀	1.000	2	2	CUNEIFORM SIGN I A
se₁₇	𒊻	0.500	1	2	CUNEIFORM SIGN SHE HU
Li	𒇷	1.000	2	2	CUNEIFORM SIGN LI
Il	𒅋	1.000	2	2	CUNEIFORM SIGN IL
šat	𒆳	1.000	2	2	CUNEIFORM SIGN KUR
LIM〉	𒅆	1.000	2	2	CUNEIFORM SIGN IGI
gít	𒁍	1.000	2	2	CUNEIFORM SIGN BU
liₓ	𒅀	0.500	1	2	CUNEIFORM SIGN I A
〈DA〉	𒁕	1.000	2	2	CUNEIFORM SIGN DA
〉ḫa	𒀀	0.500	1	2	CUNEIFORM SIGN A
°	𒇽	0.500	1	2	CUNEIFORM SIGN LU2
40	𒉆	0.500	1	2	CUNEIFORM SIGN NAM
SANGA+	𒋃	1.000	2	2	CUNEIFORM SIGN SHID
BIR₄	𒂔	0.500	1	2	CUNEIFORM SIGN EDIN
IRI₁₁	𒀔	1.000	2	2	CUNEIFORM SIGN AB TIMES U PLUS U PLUS U
IDIM	𒁁	1.000	2	2	CUNEIFORM SIGN BAD
〈šar〉	𒊬	1.000	2	2	CUNEIFORM SIGN SAR
USD	▒	0.500	1	2	MEDIUM SHADE
kaṣ	𒄤	1.000	2	2	CUNEIFORM SIGN GUM TIMES SHE
ás	𒀾	0.500	1	2	CUNEIFORM SIGN ASH2
qer	𒅗	1.000	2	2	CUNEIFORM SIGN KA
áp	𒀖	1.000	2	2	CUNEIFORM SIGN AB2
GIN	𒁺	1.000	2	2	CUNEIFORM SIGN DU
TUK	𒌇	1.000	2	2	CUNEIFORM SIGN TUK
18	8	0.500	1	2	DIGIT EIGHT
21	2	1.000	2	2	DIGIT TWO
22	2	1.000	2	2	DIGIT TWO
27	2	1.000	2	2	DIGIT TWO
15	1	1.000	2	2	DIGIT ONE
ša₁₀	𒊓	1.000	2	2	CUNEIFORM SIGN SA
RÍG	𒍮	1.000	2	2	CUNEIFORM SIGN ZUM
ḫaṣ	𒋻	1.000	2	2	CUNEIFORM SIGN TAR
úš	𒁁	1.000	2	2	CUNEIFORM SIGN BAD
ṭà	𒄭	1.000	2	2	CUNEIFORM SIGN HI
tár	𒁯	1.000	2	2	CUNEIFORM SIGN DAR
gaba	𒂃	1.000	2	2	CUNEIFORM SIGN DUH
〈〈TA〉〉	𒋫	1.000	2	2	CUNEIFORM SIGN TA
ŠAKAR	𒊬	1.000	2	2	CUNEIFORM SIGN SAR
kid	𒆤	1.000	2	2	CUNEIFORM SIGN KID
〈ḪI	𒄭	1.000	2	2	CUNEIFORM SIGN HI
A〉	𒀀	1.000	2	2	CUNEIFORM SIGN A
A?	𒀀	1.000	2	2	CUNEIFORM SIGN A
〈KI〉	𒆠	1.000	2	2	CUNEIFORM SIGN KI
NÌ	𒃻	1.000	2	2	CUNEIFORM SIGN GAR
NIM×Ú	𒋛	1.000	2	2	CUNEIFORM SIGN SI
〈É〉	𒂍	1.000	2	2	CUNEIFORM SIGN E2
ÚL	𒉡	1.000	2	2	CUNEIFORM SIGN NU
ZE	𒍣	1.000	2	2	CUNEIFORM SIGN ZI
MUŠENḪI	𒀉	0.500	1	2	CUNEIFORM SIGN A2
EZEN	𒂡	1.000	2	2	CUNEIFORM SIGN EZEN
TI8	𒁹	1.000	2	2	CUNEIFORM SIGN DISH
〈〈ŠU〉〉	𒈨	0.500	1	2	CUNEIFORM SIGN ME
x̣	▒	1.000	2	2	MEDIUM SHADE
KUB	𒁺	1.000	2	2	CUNEIFORM SIGN DU
TIN	𒁷	1.000	2	2	CUNEIFORM SIGN DIN
ṬI	𒁲	1.000	2	2	CUNEIFORM SIGN DI
〈ZU₉〉	𒆉	1.000	2	2	CUNEIFORM SIGN KA TIMES UD
〈pal	𒁄	1.000	2	2	CUNEIFORM SIGN BAL
〈pu〉	𒁍	1.000	2	2	CUNEIFORM SIGN BU
na〈〈aš〉〉	𒈾	1.000	2	2	CUNEIFORM SIGN NA
〈NI〉	𒉌	1.000	2	2	CUNEIFORM SIGN NI
〈ḫal〉	𒄬	1.000	2	2	CUNEIFORM SIGN HAL
〈NINDA〉	𒃻	1.000	2	2	CUNEIFORM SIGN GAR
d	𒀭	0.500	1	2	CUNEIFORM SIGN AN
〈〈ku〉〉	𒉿	0.500	1	2	CUNEIFORM SIGN PI
〈en〉	𒂗	1.000	2	2	CUNEIFORM SIGN EN
〈ŠU〉	𒋗	1.000	2	2	CUNEIFORM SIGN SHU
ma?	𒈠	1.000	2	2	CUNEIFORM SIGN MA
?x	▒	1.000	2	2	MEDIUM SHADE
XX	𒂆	1.000	2	2	CUNEIFORM SIGN DUN3 GUNU
KÈ	𒀝	1.000	2	2	CUNEIFORM SIGN AK
〈〈pí〉〉	𒍝	0.500	1	2	CUNEIFORM SIGN ZA
eš?	𒌍	1.000	2	2	CUNEIFORM SIGN U U U
Ap	𒀊	1.000	2	2	CUNEIFORM SIGN AB
:da	𒀭	1.000	2	2	CUNEIFORM SIGN AN
bil	𒉈	1.000	2	2	CUNEIFORM SIGN NE
ra?	𒊏	1.000	2	2	CUNEIFORM SIGN RA
tuḫ	𒂃	1.000	2	2	CUNEIFORM SIGN DUH
áz	𒀾	1.000	2	2	CUNEIFORM SIGN ASH2
A/GU	𒋙	1.000	2	2	CUNEIFORM SIGN SHU2
ku"/>	▒	1.000	2	2	MEDIUM SHADE
ip?	𒅁	1.000	2	2	CUNEIFORM SIGN IB
da!	𒁕	1.000	2	2	CUNEIFORM SIGN DA
R	𒌉	0.500	1	2	CUNEIFORM SIGN TUR
{x	▒	1.000	2	2	MEDIUM SHADE
x}	▒	1.000	2	2	MEDIUM SHADE
ṭi₄	𒋼	1.000	2	2	CUNEIFORM SIGN TE
pa!	𒉺	1.000	2	2	CUNEIFORM SIGN PA
ni?	𒉌	1.000	2	2	CUNEIFORM SIGN NI
za?	𒍝	1.000	2	2	CUNEIFORM SIGN ZA
L	𒀬	0.500	1	2	CUNEIFORM SIGN AMAR TIMES SHE
a?	𒀀	1.000	2	2	CUNEIFORM SIGN A
da〉	𒁕	1.000	2	2	CUNEIFORM SIGN DA
KAK	𒆕	1.000	2	2	CUNEIFORM SIGN KAK
ní	𒅎	1.000	2	2	CUNEIFORM SIGN IM
〈〈𒀹〉〉	𒂊	0.500	1	2	CUNEIFORM SIGN E
ì	𒉌	1.000	2	2	CUNEIFORM SIGN NI
tel	𒂊	0.500	1	2	CUNEIFORM SIGN E
utu	𒌓	1.000	2	2	CUNEIFORM SIGN UD
á	𒀉	1.000	2	2	CUNEIFORM SIGN A2
babbar	𒌓	1.000	2	2	CUNEIFORM SIGN UD
gi₆	𒈪	1.000	2	2	CUNEIFORM SIGN MI
ud₅	𒍚	1.000	2	2	CUNEIFORM SIGN UZ3
ASAR	𒍂	1.000	2	2	CUNEIFORM SIGN URU TIMES IGI
zù	𒍮	1.000	2	2	CUNEIFORM SIGN ZUM
abzu	▒	1.000	2	2	MEDIUM SHADE
kéš	𒂡	1.000	2	2	CUNEIFORM SIGN EZEN
SUḪUŠ	𒁼	1.000	2	2	CUNEIFORM SIGN DU GUNU
lip	𒈜	1.000	2	2	CUNEIFORM SIGN LUL
tìl	𒋾	1.000	2	2	CUNEIFORM SIGN TI
ḫúl	𒄾	1.000	2	2	CUNEIFORM SIGN HUL2
dingir	𒀭	1.000	2	2	CUNEIFORM SIGN AN
tag₄	𒋺	1.000	2	2	CUNEIFORM SIGN TAK4
šen	𒊿	1.000	2	2	CUNEIFORM SIGN SHEN
ŠEM	𒋆	1.000	2	2	CUNEIFORM SIGN SHIM
túm	𒁺	1.000	2	2	CUNEIFORM SIGN DU
kám	𒆚	1.000	2	2	CUNEIFORM SIGN KAM2
tùk	𒂁	1.000	2	2	CUNEIFORM SIGN DUG
asilₓ	𒇲	1.000	2	2	CUNEIFORM SIGN LAL
DU:DU	𒀀	0.500	1	2	CUNEIFORM SIGN A
izi	𒉈	1.000	2	2	CUNEIFORM SIGN NE
zà	𒍠	1.000	2	2	CUNEIFORM SIGN ZAG
KA×MI	𒅸	1.000	2	2	CUNEIFORM SIGN KA TIMES MI
r	𒈾	0.500	1	2	CUNEIFORM SIGN NA
Text	𒋼	1.000	2	2	CUNEIFORM SIGN TE
bricht	▒	1.000	2	2	MEDIUM SHADE
Mur	𒄯	1.000	2	2	CUNEIFORM SIGN HI TIMES ASH2
áḫ	𒋀	1.000	2	2	CUNEIFORM SIGN SHESH
Gur	𒄥	1.000	1	1	CUNEIFORM SIGN GUR
mì〉	𒈨	1.000	1	1	CUNEIFORM SIGN ME
Pé	𒁉	1.000	1	1	CUNEIFORM SIGN BI
Aḫ	𒄴	1.000	1	1	CUNEIFORM SIGN HI TIMES NUN
Kar	𒀀	1.000	1	1	CUNEIFORM SIGN A
Tàš	𒀾	1.000	1	1	CUNEIFORM SIGN ASH2
Ninaintaš	𒈠	1.000	1	1	CUNEIFORM SIGN MA
Da	𒁕	1.000	1	1	CUNEIFORM SIGN DA
Ik	𒅅	1.000	1	1	CUNEIFORM SIGN IG
KAR	𒋼	1.000	1	1	CUNEIFORM SIGN TE
Ḫešmi	𒁹	1.000	1	1	CUNEIFORM SIGN DISH
Uk	𒊌	1.000	1	1	CUNEIFORM SIGN PIRIG TIMES UD
Le	𒇷	1.000	1	1	CUNEIFORM SIGN LI
ni₅	𒉈	1.000	1	1	CUNEIFORM SIGN NE
〈〈ra	▒	1.000	1	1	MEDIUM SHADE
ru〉〉	▒	1.000	1	1	MEDIUM SHADE
:za	𒌍	1.000	1	1	CUNEIFORM SIGN U U U
pa〉〉	▒	1.000	1	1	MEDIUM SHADE
:na	𒅗	1.000	1	1	CUNEIFORM SIGN KA
MĀMĪT	𒌍	1.000	1	1	CUNEIFORM SIGN U U U
〈〈TÚG〉〉	▒	1.000	1	1	MEDIUM SHADE
ka₄r	𒋼	1.000	1	1	CUNEIFORM SIGN TE
a/e	▒	1.000	1	1	MEDIUM SHADE
AN?	𒀭	1.000	1	1	CUNEIFORM SIGN AN
nu〈〈mu〉〉	𒉡	1.000	1	1	CUNEIFORM SIGN NU
KÚ	𒅥	1.000	1	1	CUNEIFORM SIGN KA TIMES GAR
Ag	𒀝	1.000	1	1	CUNEIFORM SIGN AK
NITÁ	𒀴	1.000	1	1	CUNEIFORM SIGN ARAD
GÉME	𒆳	1.000	1	1	CUNEIFORM SIGN KUR
〈〈LUGAL〉〉	𒁁	1.000	1	1	CUNEIFORM SIGN BAD
áʾ	𒀀	1.000	1	1	CUNEIFORM SIGN A
ṭub	𒁾	1.000	1	1	CUNEIFORM SIGN DUB
qid₄	𒉺	1.000	1	1	CUNEIFORM SIGN PA
éḫ	𒈨	1.000	1	1	CUNEIFORM SIGN ME
qit₄	𒋾	1.000	1	1	CUNEIFORM SIGN TI
+〉	4	1.000	1	1	DIGIT FOUR
〈+	𒌋	1.000	1	1	CUNEIFORM SIGN U
mi〈	𒈪	1.000	1	1	CUNEIFORM SIGN MI
di₁₂	𒋼	1.000	1	1	CUNEIFORM SIGN TE
〈din〉	𒁷	1.000	1	1	CUNEIFORM SIGN DIN
be₆	𒉿	1.000	1	1	CUNEIFORM SIGN PI
lar	𒉺	1.000	1	1	CUNEIFORM SIGN PA
ú'	𒊭	1.000	1	1	CUNEIFORM SIGN SHA
su₁₄	𒍮	1.000	1	1	CUNEIFORM SIGN ZUM
ate	𒄑	1.000	1	1	CUNEIFORM SIGN GISH
〈iṣ〉	𒄑	1.000	1	1	CUNEIFORM SIGN GISH
dina	𒄿	1.000	1	1	CUNEIFORM SIGN I
SEŠ	𒅗	1.000	1	1	CUNEIFORM SIGN KA
q	𒋡	1.000	1	1	CUNEIFORM SIGN SILA3
MUNUSLUGAL	𒁶	1.000	1	1	CUNEIFORM SIGN DIM2
〈um〉	𒌝	1.000	1	1	CUNEIFORM SIGN UM
〈ED〉	𒀉	1.000	1	1	CUNEIFORM SIGN A2
tan₉	𒀜	1.000	1	1	CUNEIFORM SIGN AD
GIS	𒄑	1.000	1	1	CUNEIFORM SIGN GISH
meḫ	𒇷	1.000	1	1	CUNEIFORM SIGN LI
uš₁₁	𒅜	1.000	1	1	CUNEIFORM SIGN KA TIMES BAD
mí	𒊩	1.000	1	1	CUNEIFORM SIGN SAL
dí	𒄭	1.000	1	1	CUNEIFORM SIGN HI
〈TA〉	𒋫	1.000	1	1	CUNEIFORM SIGN TA
i〈〈wa〉〉	𒄿	1.000	1	1	CUNEIFORM SIGN I
〈ṬÙ	𒁺	1.000	1	1	CUNEIFORM SIGN DU
TUM〉	𒌈	1.000	1	1	CUNEIFORM SIGN TUM
〈ti	𒋾	1.000	1	1	CUNEIFORM SIGN TI
〈ri	𒊑	1.000	1	1	CUNEIFORM SIGN RI
gad	𒃰	1.000	1	1	CUNEIFORM SIGN GAD
e〈〈e〉〉	𒂊	1.000	1	1	CUNEIFORM SIGN E
GA〈〈ḪI〉〉	𒂵	1.000	1	1	CUNEIFORM SIGN GA
〈GAL〉	𒃲	1.000	1	1	CUNEIFORM SIGN GAL
DE₄	𒋼	1.000	1	1	CUNEIFORM SIGN TE
ḪI〉	𒄭	1.000	1	1	CUNEIFORM SIGN HI
〈〈i〉〉i	𒄿	1.000	1	1	CUNEIFORM SIGN I
ta〈〈aš〉〉	𒋫	1.000	1	1	CUNEIFORM SIGN TA
aḫ₄	𒉺	1.000	1	1	CUNEIFORM SIGN PA
〈aḫ	𒄴	1.000	1	1	CUNEIFORM SIGN HI TIMES NUN
GASAN	𒌅	1.000	1	1	CUNEIFORM SIGN TU
kán〈〈aš〉〉	𒃷	1.000	1	1	CUNEIFORM SIGN GAN2
〈ket₉〉	𒃰	1.000	1	1	CUNEIFORM SIGN GAD
wa〈〈kán〉〉	𒉿	1.000	1	1	CUNEIFORM SIGN PI
〈ak〉	𒀝	1.000	1	1	CUNEIFORM SIGN AK
〈EL〉	𒂖	1.000	1	1	CUNEIFORM SIGN EL
TÁQ	𒁖	1.000	1	1	CUNEIFORM SIGN DAG
ua	𒇇	1.000	1	1	CUNEIFORM SIGN LAGAB TIMES GUD PLUS GUD
DIDLIḪI	𒌷	1.000	1	1	CUNEIFORM SIGN URU
〈〈še〉〉	𒌍	1.000	1	1	CUNEIFORM SIGN U U U
sìla	𒋡	1.000	1	1	CUNEIFORM SIGN SILA3
šun	𒊿	1.000	1	1	CUNEIFORM SIGN SHEN
laq	𒋃	1.000	1	1	CUNEIFORM SIGN SHID
ŠES	𒅀	1.000	1	1	CUNEIFORM SIGN I A
DUMU␣KIN	𒇽	1.000	1	1	CUNEIFORM SIGN LU2
i′	𒌑	1.000	1	1	CUNEIFORM SIGN U2
zí	𒍢	1.000	1	1	CUNEIFORM SIGN ZE2
pab	𒉽	1.000	1	1	CUNEIFORM SIGN PAP
per〈〈er〉〉	𒅁	1.000	1	1	CUNEIFORM SIGN IB
a〈〈aš〉〉	𒀀	1.000	1	1	CUNEIFORM SIGN A
ma〈〈za〉〉	𒈠	1.000	1	1	CUNEIFORM SIGN MA
mtar	𒄷	1.000	1	1	CUNEIFORM SIGN HU
〈〈in〉〉	𒅆	1.000	1	1	CUNEIFORM SIGN IGI
wr	𒄯	1.000	1	1	CUNEIFORM SIGN HI TIMES ASH2
a〈〈in〉〉	𒀀	1.000	1	1	CUNEIFORM SIGN A
〈〈URU〉〉	𒉺	1.000	1	1	CUNEIFORM SIGN PA
ŠAP	𒅁	1.000	1	1	CUNEIFORM SIGN IB
wa〈〈pí〉〉	𒉿	1.000	1	1	CUNEIFORM SIGN PI
〈GÀR〉	𒃼	1.000	1	1	CUNEIFORM SIGN GAR3
in?	𒅔	1.000	1	1	CUNEIFORM SIGN IN
gaš	𒁉	1.000	1	1	CUNEIFORM SIGN BI
〈ŠEŠ〉	𒋀	1.000	1	1	CUNEIFORM SIGN SHESH
te〈〈et〉〉	𒋼	1.000	1	1	CUNEIFORM SIGN TE
TÍ	𒄭	1.000	1	1	CUNEIFORM SIGN HI
ÌD	𒇉	1.000	1	1	CUNEIFORM SIGN LAGAB TIMES HAL
ṬU	𒂆	1.000	1	1	CUNEIFORM SIGN DUN3 GUNU
uḫ₅	𒁍	1.000	1	1	CUNEIFORM SIGN BU
íḫ	𒋾	1.000	1	1	CUNEIFORM SIGN TI
qum	𒄣	1.000	1	1	CUNEIFORM SIGN GUM
?ḫu	𒀭	1.000	1	1	CUNEIFORM SIGN AN
QIR	𒄫	1.000	1	1	CUNEIFORM SIGN HA GUNU
IL?	𒅋	1.000	1	1	CUNEIFORM SIGN IL
KUS₇	𒌍	1.000	1	1	CUNEIFORM SIGN U U U
gum	𒄣	1.000	1	1	CUNEIFORM SIGN GUM
〈〈KI〉〉	𒆠	1.000	1	1	CUNEIFORM SIGN KI
KISLAḪ	𒌓	1.000	1	1	CUNEIFORM SIGN UD
+4	𒐼	1.000	1	1	CUNEIFORM NUMERIC SIGN FOUR VARIANT FORM LIMMU
+5	𒐊	1.000	1	1	CUNEIFORM NUMERIC SIGN FIVE DISH
〈NA〉	𒈾	1.000	1	1	CUNEIFORM SIGN NA
〈〈ar	𒊏	1.000	1	1	CUNEIFORM SIGN RA
ḫa〉〉	𒀭	1.000	1	1	CUNEIFORM SIGN AN
〈DUMU〉	𒌉	1.000	1	1	CUNEIFORM SIGN TUR
60	6	1.000	1	1	DIGIT SIX
’	▒	1.000	1	1	MEDIUM SHADE
+7	𒐌	1.000	1	1	CUNEIFORM NUMERIC SIGN SEVEN DISH
GU₅	𒂉	1.000	1	1	CUNEIFORM SIGN DUR2
KIŠIB	𒈩	1.000	1	1	CUNEIFORM SIGN MES
pirₓ	𒁇	1.000	1	1	CUNEIFORM SIGN BAR
SU₆	𒅾	1.000	1	1	CUNEIFORM SIGN KA TIMES SA
GÁM	𒄰	1.000	1	1	CUNEIFORM SIGN HI TIMES BAD
ši〈〈ki〉〉	𒅆	1.000	1	1	CUNEIFORM SIGN IGI
46	4	1.000	1	1	DIGIT FOUR
HA	6	1.000	1	1	DIGIT SIX
eḫ/uḫ	𒁹	1.000	1	1	CUNEIFORM SIGN DISH
38	8	1.000	1	1	DIGIT EIGHT
〈〈20〉〉	▒	1.000	1	1	MEDIUM SHADE
kizₓ	𒄤	1.000	1	1	CUNEIFORM SIGN GUM TIMES SHE
atat	𒁹	1.000	1	1	CUNEIFORM SIGN DISH
HAŠ	𒌋	1.000	1	1	CUNEIFORM SIGN U
daan	▒	1.000	1	1	MEDIUM SHADE
〈4〉	𒐼	1.000	1	1	CUNEIFORM NUMERIC SIGN FOUR VARIANT FORM LIMMU
〈〈MEŠ〉〉	𒌋	1.000	1	1	CUNEIFORM SIGN U
ŠE〉	𒊺	1.000	1	1	CUNEIFORM SIGN SHE
〈〈MAḪ〉〉	𒌉	1.000	1	1	CUNEIFORM SIGN TUR
na〈〈an〉〉	𒈾	1.000	1	1	CUNEIFORM SIGN NA
〈M〉	𒁹	1.000	1	1	CUNEIFORM SIGN DISH
S	𒁺	1.000	1	1	CUNEIFORM SIGN DU
〈GAR〉	𒃻	1.000	1	1	CUNEIFORM SIGN GAR
har	𒀭	1.000	1	1	CUNEIFORM SIGN AN
MUR₇	𒋞	1.000	1	1	CUNEIFORM SIGN SIG4
ANSE	𒆳	1.000	1	1	CUNEIFORM SIGN KUR
QUM	𒄣	1.000	1	1	CUNEIFORM SIGN GUM
4½	𒆗	1.000	1	1	CUNEIFORM SIGN KAL
“TE“	𒊮	1.000	1	1	CUNEIFORM SIGN SHA3
19	1	1.000	1	1	DIGIT ONE
〈〈M〉〉	▒	1.000	1	1	MEDIUM SHADE
3½	𒄀	1.000	1	1	CUNEIFORM SIGN GI
〉UTU	𒌓	1.000	1	1	CUNEIFORM SIGN UD
Píl	𒉋	1.000	1	1	CUNEIFORM SIGN NE SHESHIG
gí	𒆤	1.000	1	1	CUNEIFORM SIGN KID
〈GAL₉〉	𒆗	1.000	1	1	CUNEIFORM SIGN KAL
ḪÍ	𒃶	1.000	1	1	CUNEIFORM SIGN GAN
za〉〉	𒈠	1.000	1	1	CUNEIFORM SIGN MA
〈〈mi〉〉	𒋾	1.000	1	1	CUNEIFORM SIGN TI
〈〈ma	𒂍	1.000	1	1	CUNEIFORM SIGN E2
kán〉〉	𒅆	1.000	1	1	CUNEIFORM SIGN IGI
〈〈LUM〉〉	𒇻	1.000	1	1	CUNEIFORM SIGN LU
〈〈ni〉〉	𒄿	1.000	1	1	CUNEIFORM SIGN I
šu{	𒊑	1.000	1	1	CUNEIFORM SIGN RI
nu}	𒋗	1.000	1	1	CUNEIFORM SIGN SHU
àz	𒀸	1.000	1	1	CUNEIFORM SIGN ASH
〈MAD〉	𒆳	1.000	1	1	CUNEIFORM SIGN KUR
〈TI〉	𒋾	1.000	1	1	CUNEIFORM SIGN TI
ma〈〈ia〉〉	𒈠	1.000	1	1	CUNEIFORM SIGN MA
ia〈〈aš〉〉	𒅀	1.000	1	1	CUNEIFORM SIGN I A
〈〈pí〉〉eš	𒌍	1.000	1	1	CUNEIFORM SIGN U U U
〈me	𒈨	1.000	1	1	CUNEIFORM SIGN ME
ḫur〉	𒄯	1.000	1	1	CUNEIFORM SIGN HI TIMES ASH2
ša〈〈aš〉〉	𒊭	1.000	1	1	CUNEIFORM SIGN SHA
〈ḫar	𒄯	1.000	1	1	CUNEIFORM SIGN HI TIMES ASH2
〈GÍN〉	𒂆	1.000	1	1	CUNEIFORM SIGN DUN3 GUNU
ku〈〈uš〉〉	𒂉	1.000	1	1	CUNEIFORM SIGN DUR2
RA〉	𒊏	1.000	1	1	CUNEIFORM SIGN RA
〈me〉	𒈨	1.000	1	1	CUNEIFORM SIGN ME
〈em〉	𒅎	1.000	1	1	CUNEIFORM SIGN IM
〈še	𒊺	1.000	1	1	CUNEIFORM SIGN SHE
la〉	𒆷	1.000	1	1	CUNEIFORM SIGN LA
〈〈at〉〉	𒄿	1.000	1	1	CUNEIFORM SIGN I
〈pa	𒉺	1.000	1	1	CUNEIFORM SIGN PA
〈ták	𒁖	1.000	1	1	CUNEIFORM SIGN DAG
ku〉	𒂉	1.000	1	1	CUNEIFORM SIGN DUR2
perₓ	▒	1.000	1	1	MEDIUM SHADE
tumum	𒁉	1.000	1	1	CUNEIFORM SIGN BI
BABABBAR	𒆬	1.000	1	1	CUNEIFORM SIGN KU3
KU×LÁL	𒍪	1.000	1	1	CUNEIFORM SIGN ZU
PIRIG	𒊊	1.000	1	1	CUNEIFORM SIGN PIRIG
NIB	𒊋	1.000	1	1	CUNEIFORM SIGN PIRIG TIMES KAL
GI6	▒	1.000	1	1	MEDIUM SHADE
waₓ	▒	1.000	1	1	MEDIUM SHADE
TAK₄	𒋺	1.000	1	1	CUNEIFORM SIGN TAK4
bul	𒇧	1.000	1	1	CUNEIFORM SIGN LAGAB TIMES U PLUS U PLUS U
ṭu₄	𒌈	1.000	1	1	CUNEIFORM SIGN TUM
𒀹ḫal	𒄬	1.000	1	1	CUNEIFORM SIGN HAL
𒀹šar	𒊬	1.000	1	1	CUNEIFORM SIGN SAR
𒀹ka	𒅗	1.000	1	1	CUNEIFORM SIGN KA
ḫuš	𒄭	1.000	1	1	CUNEIFORM SIGN HI
𒀹ga	𒂵	1.000	1	1	CUNEIFORM SIGN GA
eme	𒅴	1.000	1	1	CUNEIFORM SIGN KA TIMES ME
sig	𒋝	1.000	1	1	CUNEIFORM SIGN SIG
𒀹ú	𒌑	1.000	1	1	CUNEIFORM SIGN U2
úṣ	𒍑	1.000	1	1	CUNEIFORM SIGN USH
SÌMIG	𒌡	1.000	1	1	CUNEIFORM SIGN UM TIMES U
𒀹iš	𒅖	1.000	1	1	CUNEIFORM SIGN ISH
𒀹pár	𒁇	1.000	1	1	CUNEIFORM SIGN BAR
𒀹ta	𒋫	1.000	1	1	CUNEIFORM SIGN TA
MIL	𒅖	1.000	1	1	CUNEIFORM SIGN ISH
GUM	𒄣	1.000	1	1	CUNEIFORM SIGN GUM
làl	𒋭	1.000	1	1	CUNEIFORM SIGN TA TIMES HI
gurun	𒄧	1.000	1	1	CUNEIFORM SIGN GURUN
tišpak	𒈽	1.000	1	1	CUNEIFORM SIGN MUSH3 GUNU
ba₆	𒌑	1.000	1	1	CUNEIFORM SIGN U2
šubur	𒋚	1.000	1	1	CUNEIFORM SIGN SHUBUR
amar	𒀫	1.000	1	1	CUNEIFORM SIGN AMAR
〈ka₄〉	𒋡	1.000	1	1	CUNEIFORM SIGN SILA3
ZÍB	𒍨	1.000	1	1	CUNEIFORM SIGN ZIG
turur	𒁇	1.000	1	1	CUNEIFORM SIGN BAR
nunuz	𒉭	1.000	1	1	CUNEIFORM SIGN NUNUZ
nuzx	𒉭	1.000	1	1	CUNEIFORM SIGN NUNUZ
〈NÚ〉	𒈿	1.000	1	1	CUNEIFORM SIGN NA2
LIPIŠ	𒀚	1.000	1	1	CUNEIFORM SIGN AB2 TIMES SHA3
SUKUD	𒃴	1.000	1	1	CUNEIFORM SIGN GALAM
PEŠ₇	𒌉	1.000	1	1	CUNEIFORM SIGN TUR
ZÙ	𒍮	1.000	1	1	CUNEIFORM SIGN ZUM
DU₇	𒌌	1.000	1	1	CUNEIFORM SIGN U GUD
gu₄	𒄞	1.000	1	1	CUNEIFORM SIGN GUD
anše	𒀲	1.000	1	1	CUNEIFORM SIGN ANSHE
〈má〉	𒈣	1.000	1	1	CUNEIFORM SIGN MA2
UTUL₅	𒁟	1.000	1	1	CUNEIFORM SIGN DAG KISIM5 TIMES GUD
TÁL	𒉿	1.000	1	1	CUNEIFORM SIGN PI
GUR₅	𒍀	1.000	1	1	CUNEIFORM SIGN URU TIMES GU
DÚR	𒂉	1.000	1	1	CUNEIFORM SIGN DUR2
èl	𒀭	1.000	1	1	CUNEIFORM SIGN AN
BÚR	𒁔	1.000	1	1	CUNEIFORM SIGN BUR2
SÈ	𒋧	1.000	1	1	CUNEIFORM SIGN SUM
SÍR	𒁍	1.000	1	1	CUNEIFORM SIGN BU
LÍM	𒐂	1.000	1	1	CUNEIFORM NUMERIC SIGN FOUR ASH
TÍLLA	𒆠	1.000	1	1	CUNEIFORM SIGN KI
DÌM	𒊐	1.000	1	1	CUNEIFORM SIGN RAB
E₄	𒀀	1.000	1	1	CUNEIFORM SIGN A
DALḪAMUN₄	𒀱	1.000	1	1	CUNEIFORM SIGN AN PLUS NAGA SQUARED
NINNU	𒐐	1.000	1	1	CUNEIFORM NUMERIC SIGN FIVE U
KARA₆	𒄦	1.000	1	1	CUNEIFORM SIGN GUR7
UR₄	𒌴	1.000	1	1	CUNEIFORM SIGN UR4
šuₓ	𒍪	1.000	1	1	CUNEIFORM SIGN ZU
SIPA	𒉺	1.000	1	1	CUNEIFORM SIGN PA
ZEḪ	𒇻	1.000	1	1	CUNEIFORM SIGN LU
BULUG	𒁑	1.000	1	1	CUNEIFORM SIGN BULUG
gidru	𒉺	1.000	1	1	CUNEIFORM SIGN PA
du₇	𒌌	1.000	1	1	CUNEIFORM SIGN U GUD
\\	𒌅	1.000	1	1	CUNEIFORM SIGN TU
pap	𒉽	1.000	1	1	CUNEIFORM SIGN PAP
nammu	𒇉	1.000	1	1	CUNEIFORM SIGN LAGAB TIMES HAL
maškim	𒆸	1.000	1	1	CUNEIFORM SIGN LAGAB
pìrig	𒊌	1.000	1	1	CUNEIFORM SIGN PIRIG TIMES UD
nin	𒊩	1.000	1	1	CUNEIFORM SIGN SAL
gàraš	𒈠	1.000	1	1	CUNEIFORM SIGN MA
min	𒈫	1.000	1	1	CUNEIFORM SIGN MIN
líl	𒆤	1.000	1	1	CUNEIFORM SIGN KID
šeg₉	𒊾	1.000	1	1	CUNEIFORM SIGN SHEG9
geštin	𒃾	1.000	1	1	CUNEIFORM SIGN GESHTIN
èn	𒇷	1.000	1	1	CUNEIFORM SIGN LI
giri₁₇	𒅗	1.000	1	1	CUNEIFORM SIGN KA
dar₆	𒋻	1.000	1	1	CUNEIFORM SIGN TAR
qáp	𒆏	1.000	1	1	CUNEIFORM SIGN KAB
NAMRÙ	𒀭	1.000	1	1	CUNEIFORM SIGN AN
ZALÁG	𒁍	1.000	1	1	CUNEIFORM SIGN BU
+gi	𒄀	1.000	1	1	CUNEIFORM SIGN GI
lat	𒆳	1.000	1	1	CUNEIFORM SIGN KUR
eʾ	𒀪	1.000	1	1	CUNEIFORM SIGN ALEPH
lis	𒇺	1.000	1	1	CUNEIFORM SIGN LISH
SÍN	𒉆	1.000	1	1	CUNEIFORM SIGN NAM
lìm	𒇴	1.000	1	1	CUNEIFORM SIGN LAM
gir₁₇	𒅗	1.000	1	1	CUNEIFORM SIGN KA
iškur	𒅎	1.000	1	1	CUNEIFORM SIGN IM
SUḪ₅	𒂉	1.000	1	1	CUNEIFORM SIGN DUR2
ga₁₂	𒁕	1.000	1	1	CUNEIFORM SIGN DA
MAḪ〈	𒈤	1.000	1	1	CUNEIFORM SIGN MAH
ta‹	𒀭	1.000	1	1	CUNEIFORM SIGN AN
〈UB	𒌒	1.000	1	1	CUNEIFORM SIGN UB
wa‹	𒋫	1.000	1	1	CUNEIFORM SIGN TA
aš›	𒀭	1.000	1	1	CUNEIFORM SIGN AN
iš‹	𒊭	1.000	1	1	CUNEIFORM SIGN SHA
TAG₄	𒋺	1.000	1	1	CUNEIFORM SIGN TAK4
ri〈〈aš〉〉	𒊑	1.000	1	1	CUNEIFORM SIGN RI
〈〈eš〉〉ke	𒆠	1.000	1	1	CUNEIFORM SIGN KI
〈〈az〉〉za	𒍝	1.000	1	1	CUNEIFORM SIGN ZA
mal	𒂷	1.000	1	1	CUNEIFORM SIGN GA2
KANKAL	𒇷	1.000	1	1	CUNEIFORM SIGN LI
«aš»	𒍝	1.000	1	1	CUNEIFORM SIGN ZA
az«	𒅈	1.000	1	1	CUNEIFORM SIGN IGI RI
za»	𒄩	1.000	1	1	CUNEIFORM SIGN HA
dirₓ	𒀜	1.000	1	1	CUNEIFORM SIGN AD
íw	𒊄	1.000	1	1	CUNEIFORM SIGN PI TIMES E
:ša	𒀭	1.000	1	1	CUNEIFORM SIGN AN
:x	▒	1.000	1	1	MEDIUM SHADE
:šu	𒀸	1.000	1	1	CUNEIFORM SIGN ASH
:ni	𒉿	1.000	1	1	CUNEIFORM SIGN PI
〈ap	𒀊	1.000	1	1	CUNEIFORM SIGN AB
:wa	𒋡	1.000	1	1	CUNEIFORM SIGN SILA3
ki«	𒌋	1.000	1	1	CUNEIFORM SIGN U
iš»	𒀭	1.000	1	1	CUNEIFORM SIGN AN
Dna	𒊭	1.000	1	1	CUNEIFORM SIGN SHA
teš	𒈠	1.000	1	1	CUNEIFORM SIGN MA
úw	𒅎	1.000	1	1	CUNEIFORM SIGN IM
:pa	𒋫	1.000	1	1	CUNEIFORM SIGN TA
i〈〈el〉〉	𒄿	1.000	1	1	CUNEIFORM SIGN I
kumar	𒊅	1.000	1	1	CUNEIFORM SIGN PI TIMES I
〈ḫi〉	𒄭	1.000	1	1	CUNEIFORM SIGN HI
:ú	𒃷	1.000	1	1	CUNEIFORM SIGN GAN2
DGUL	▒	1.000	1	1	MEDIUM SHADE
75	5	1.000	1	1	DIGIT FIVE
〈〈da〉〉	𒁕	1.000	1	1	CUNEIFORM SIGN DA
ku!	𒂉	1.000	1	1	CUNEIFORM SIGN DUR2
un〉	𒌦	1.000	1	1	CUNEIFORM SIGN UN
BURU₅	𒂟	1.000	1	1	CUNEIFORM SIGN ERIN2
Í	𒋼	1.000	1	1	CUNEIFORM SIGN TE
T	𒊍	1.000	1	1	CUNEIFORM SIGN PIRIG TIMES ZA
eš₁₇	𒈨	1.000	1	1	CUNEIFORM SIGN ME
:ta	𒊏	1.000	1	1	CUNEIFORM SIGN RA
:gul	𒀀	1.000	1	1	CUNEIFORM SIGN A
ma〉〉	𒄇	1.000	1	1	CUNEIFORM SIGN GIDIM
zi=	▒	1.000	1	1	MEDIUM SHADE
=ia	𒈗	1.000	1	1	CUNEIFORM SIGN LUGAL
:a	𒅖	1.000	1	1	CUNEIFORM SIGN ISH
ERÌN	𒈨	1.000	1	1	CUNEIFORM SIGN ME
ZÌZ	𒄮	1.000	1	1	CUNEIFORM SIGN HI TIMES ASH
li〈〈ta〉〉	𒇷	1.000	1	1	CUNEIFORM SIGN LI
〈uk	𒊌	1.000	1	1	CUNEIFORM SIGN PIRIG TIMES UD
〈Ì〉	𒉌	1.000	1	1	CUNEIFORM SIGN NI
ḫe〈〈iš〉〉	𒄭	1.000	1	1	CUNEIFORM SIGN HI
pu〈〈ša〉〉	𒁍	1.000	1	1	CUNEIFORM SIGN BU
〈〈ap〉〉pa	𒉺	1.000	1	1	CUNEIFORM SIGN PA
´n	𒁕	1.000	1	1	CUNEIFORM SIGN DA
wa〈〈e〉〉	𒉿	1.000	1	1	CUNEIFORM SIGN PI
ai	𒉌	1.000	1	1	CUNEIFORM SIGN NI
pìd	▒	1.000	1	1	MEDIUM SHADE
〈iz〉	𒄑	1.000	1	1	CUNEIFORM SIGN GISH
mè	𒀞	1.000	1	1	CUNEIFORM SIGN AK TIMES ERIN2
Uḫ	𒄴	1.000	1	1	CUNEIFORM SIGN HI TIMES NUN
〈ḪI〉	𒄭	1.000	1	1	CUNEIFORM SIGN HI
〈GEŠTU	𒉿	1.000	1	1	CUNEIFORM SIGN PI
li〉	𒇷	1.000	1	1	CUNEIFORM SIGN LI
ši〈〈ez〉〉	𒅆	1.000	1	1	CUNEIFORM SIGN IGI
〈túḫ	𒈭	1.000	1	1	CUNEIFORM SIGN MU OVER MU
in〉	𒅔	1.000	1	1	CUNEIFORM SIGN IN
EREŠ	𒊩	1.000	1	1	CUNEIFORM SIGN SAL
GAL1	𒆠	1.000	1	1	CUNEIFORM SIGN KI
〈in	𒅆	1.000	1	1	CUNEIFORM SIGN IGI
an!	𒀭	1.000	1	1	CUNEIFORM SIGN AN
Túr	𒄙	1.000	1	1	CUNEIFORM SIGN GU2 TIMES KAK
KAxU	𒅗	1.000	1	1	CUNEIFORM SIGN KA
EN:ZU	𒀭	1.000	1	1	CUNEIFORM SIGN AN
Zeicḫen	▒	1.000	1	1	MEDIUM SHADE
DUL	𒌆	1.000	1	1	CUNEIFORM SIGN TUG2
B	𒁳	1.000	1	1	CUNEIFORM SIGN DIB
LUG	𒀭	1.000	1	1	CUNEIFORM SIGN AN
ÍR	𒍏	1.000	1	1	CUNEIFORM SIGN URUDA
KIM	𒁾	1.000	1	1	CUNEIFORM SIGN DUB
ṬIR₅	𒌁	1.000	1	1	CUNEIFORM SIGN TIR
〈NU〉	𒉡	1.000	1	1	CUNEIFORM SIGN NU
ši〈〈ti〉〉	𒅆	1.000	1	1	CUNEIFORM SIGN IGI
TÁG	𒁖	1.000	1	1	CUNEIFORM SIGN DAG
ma〈〈wa〉〉	𒈠	1.000	1	1	CUNEIFORM SIGN MA
ia₁₁	𒉺	1.000	1	1	CUNEIFORM SIGN PA
ÚKUŠ	𒄾	1.000	1	1	CUNEIFORM SIGN HUL2
〈kad〉	𒃰	1.000	1	1	CUNEIFORM SIGN GAD
šu₁₄	𒋳	1.000	1	1	CUNEIFORM SIGN TAG
〈at	𒀜	1.000	1	1	CUNEIFORM SIGN AD
ma〈〈ka〉〉	𒈠	1.000	1	1	CUNEIFORM SIGN MA
MEŠ́	𒇉	1.000	1	1	CUNEIFORM SIGN LAGAB TIMES HAL
DÌḪ	𒉏	1.000	1	1	CUNEIFORM SIGN NIM
〈〈ŠA	𒊩	1.000	1	1	CUNEIFORM SIGN SAL
ENSI	𒇷	1.000	1	1	CUNEIFORM SIGN LI
AMBAR	𒆹	1.000	1	1	CUNEIFORM SIGN LAGAB TIMES A
〈GUR₄〉	𒆸	1.000	1	1	CUNEIFORM SIGN LAGAB
〈UZU〉	𒍜	1.000	1	1	CUNEIFORM SIGN UZU
〈URUDU〉	𒍏	1.000	1	1	CUNEIFORM SIGN URUDA
〈ZÍ〉	𒍢	1.000	1	1	CUNEIFORM SIGN ZE2
〈šar	𒊬	1.000	1	1	CUNEIFORM SIGN SAR
〈〈u〉〉	𒁉	1.000	1	1	CUNEIFORM SIGN BI
Iz	𒄑	1.000	1	1	CUNEIFORM SIGN GISH
〈ZU₉	𒀩	1.000	1	1	CUNEIFORM SIGN ALAN
〈KU₇〉	𒍣	1.000	1	1	CUNEIFORM SIGN ZI
ar〉	𒅈	1.000	1	1	CUNEIFORM SIGN IGI RI
Š́UM	𒀬	1.000	1	1	CUNEIFORM SIGN AMAR TIMES SHE
dagan	𒆸	1.000	1	1	CUNEIFORM SIGN LAGAB
dāi	𒊏	1.000	1	1	CUNEIFORM SIGN RA
?gaz	𒃰	1.000	1	1	CUNEIFORM SIGN GAD
DÀ	𒆕	1.000	1	1	CUNEIFORM SIGN KAK
NUM	𒉏	1.000	1	1	CUNEIFORM SIGN NIM
〈uz〉	𒊻	1.000	1	1	CUNEIFORM SIGN SHE HU
az!	𒊍	1.000	1	1	CUNEIFORM SIGN PIRIG TIMES ZA
〈DÍM〉	𒁶	1.000	1	1	CUNEIFORM SIGN DIM2
ÚUL	𒂉	1.000	1	1	CUNEIFORM SIGN DUR2
PEŠ	𒄫	1.000	1	1	CUNEIFORM SIGN HA GUNU
GÍŠ	𒁹	1.000	1	1	CUNEIFORM SIGN DISH
〈〈uš〉〉	𒊭	1.000	1	1	CUNEIFORM SIGN SHA
zipa	𒄑	1.000	1	1	CUNEIFORM SIGN GISH
〉SAR	𒊬	1.000	1	1	CUNEIFORM SIGN SAR
ŠÌL	𒌋	1.000	1	1	CUNEIFORM SIGN U
UKKIN	𒌺	1.000	1	1	CUNEIFORM SIGN URU TIMES BAR
GA〈〈KIN〉〉	𒂵	1.000	1	1	CUNEIFORM SIGN GA
〉TIR	▒	1.000	1	1	MEDIUM SHADE
〉IŠTAR	𒁯	1.000	1	1	CUNEIFORM SIGN DAR
LIL	𒇸	1.000	1	1	CUNEIFORM SIGN LIL
〈LÁ〉	𒇲	1.000	1	1	CUNEIFORM SIGN LAL
〈〈an	▒	1.000	1	1	MEDIUM SHADE
da〉〉	𒍝	1.000	1	1	CUNEIFORM SIGN ZA
10〉	𒌋	1.000	1	1	CUNEIFORM SIGN U
QUL	𒆰	1.000	1	1	CUNEIFORM SIGN KUL
〈〈na〉〉an	𒀭	1.000	1	1	CUNEIFORM SIGN AN
〈ia	𒅀	1.000	1	1	CUNEIFORM SIGN I A
〈GÁ〉	𒂷	1.000	1	1	CUNEIFORM SIGN GA2
〈〈el〉〉li	𒇷	1.000	1	1	CUNEIFORM SIGN LI
〈〈NI〉〉NI	𒉌	1.000	1	1	CUNEIFORM SIGN NI
ḪI?	𒄭	1.000	1	1	CUNEIFORM SIGN HI
na〈〈na〉〉	𒈾	1.000	1	1	CUNEIFORM SIGN NA
arnu	𒉿	1.000	1	1	CUNEIFORM SIGN PI
iaiz	𒄿	1.000	1	1	CUNEIFORM SIGN I
〈wa	𒉿	1.000	1	1	CUNEIFORM SIGN PI
az?	𒊍	1.000	1	1	CUNEIFORM SIGN PIRIG TIMES ZA
Ḫe	𒄭	1.000	1	1	CUNEIFORM SIGN HI
ḫul	𒌨	1.000	1	1	CUNEIFORM SIGN UR
píš	𒉾	1.000	1	1	CUNEIFORM SIGN PESH2
MÁS	𒈦	1.000	1	1	CUNEIFORM SIGN MASH
〈SAR〉	𒊬	1.000	1	1	CUNEIFORM SIGN SAR
〈kal〉	𒆗	1.000	1	1	CUNEIFORM SIGN KAL
ká	𒆍	1.000	1	1	CUNEIFORM SIGN KA2
〈〈te〉〉	𒉡	1.000	1	1	CUNEIFORM SIGN NU
SI₂₂〉	𒄀	1.000	1	1	CUNEIFORM SIGN GI
QÁB	𒆏	1.000	1	1	CUNEIFORM SIGN KAB
mu?	𒈬	1.000	1	1	CUNEIFORM SIGN MU
šal?	𒊩	1.000	1	1	CUNEIFORM SIGN SAL
la₅	𒇳	1.000	1	1	CUNEIFORM SIGN LAL TIMES LAL
ra+a	𒊏	1.000	1	1	CUNEIFORM SIGN RA
x〉〉zi	▒	1.000	1	1	MEDIUM SHADE
an〈〈aš〉〉	𒀭	1.000	1	1	CUNEIFORM SIGN AN
šug	𒉻	1.000	1	1	CUNEIFORM SIGN PAD
Qat	𒋗	1.000	1	1	CUNEIFORM SIGN SHU
Né	𒉌	1.000	1	1	CUNEIFORM SIGN NI
til	𒁁	1.000	1	1	CUNEIFORM SIGN BAD
Kùr	𒄥	1.000	1	1	CUNEIFORM SIGN GUR
rík	𒍮	1.000	1	1	CUNEIFORM SIGN ZUM
〈GE₆〉	𒈪	1.000	1	1	CUNEIFORM SIGN MI
WI₅	𒃾	1.000	1	1	CUNEIFORM SIGN GESHTIN
SANGA〉	𒋃	1.000	1	1	CUNEIFORM SIGN SHID
KÁŠ	𒆜	1.000	1	1	CUNEIFORM SIGN KASKAL
ṬÚ	𒌅	1.000	1	1	CUNEIFORM SIGN TU
ZÁLAG	𒌓	1.000	1	1	CUNEIFORM SIGN UD
ker₈	𒅖	1.000	1	1	CUNEIFORM SIGN ISH
KÙR	𒄥	1.000	1	1	CUNEIFORM SIGN GUR
〈GAG〉	𒆕	1.000	1	1	CUNEIFORM SIGN KAK
KU?	𒂉	1.000	1	1	CUNEIFORM SIGN DUR2
EZ?	𒄑	1.000	1	1	CUNEIFORM SIGN GISH
〈kat	𒃰	1.000	1	1	CUNEIFORM SIGN GAD
NINDAGIBIL	𒋫	1.000	1	1	CUNEIFORM SIGN TA
MEŠNA₄	𒀭	1.000	1	1	CUNEIFORM SIGN AN
Z	𒃻	1.000	1	1	CUNEIFORM SIGN GAR
eicḫenspuren	𒊏	1.000	1	1	CUNEIFORM SIGN RA
šerₓ	𒌍	1.000	1	1	CUNEIFORM SIGN U U U
GIŠkur	𒁹	1.000	1	1	CUNEIFORM SIGN DISH
DÈ	𒉈	1.000	1	1	CUNEIFORM SIGN NE
U₁₈	𒅎	1.000	1	1	CUNEIFORM SIGN IM
tak	𒋳	1.000	1	1	CUNEIFORM SIGN TAG
SI₄	𒋜	1.000	1	1	CUNEIFORM SIGN SI GUNU
BIR₈	𒄀	1.000	1	1	CUNEIFORM SIGN GI
attim	𒈠	1.000	1	1	CUNEIFORM SIGN MA
tér	𒋫	1.000	1	1	CUNEIFORM SIGN TA
inkán	𒄭	1.000	1	1	CUNEIFORM SIGN HI
KÁR	𒃸	1.000	1	1	CUNEIFORM SIGN GAN2 TENU
ŠAD	𒆳	1.000	1	1	CUNEIFORM SIGN KUR
da〈〈an〉〉	𒁕	1.000	1	1	CUNEIFORM SIGN DA
ʾu₅	𒈬	1.000	1	1	CUNEIFORM SIGN MU
lík	𒋃	1.000	1	1	CUNEIFORM SIGN SHID
ṭem	𒄿	1.000	1	1	CUNEIFORM SIGN I
ga/ta	▒	1.000	1	1	MEDIUM SHADE
x/ú	▒	1.000	1	1	MEDIUM SHADE
rik	𒋆	1.000	1	1	CUNEIFORM SIGN SHIM
e'	𒂊	1.000	1	1	CUNEIFORM SIGN E
de₉	𒌓	1.000	1	1	CUNEIFORM SIGN UD
EŠ₁₈	𒀹	1.000	1	1	CUNEIFORM SIGN ASH ZIDA TENU
TÁR	𒁯	1.000	1	1	CUNEIFORM SIGN DAR
KIŠKIB	𒌓	1.000	1	1	CUNEIFORM SIGN UD
GIM₇	𒁍	1.000	1	1	CUNEIFORM SIGN BU
Be	𒁁	1.000	1	1	CUNEIFORM SIGN BAD
aši	𒄩	1.000	1	1	CUNEIFORM SIGN HA
ka₄l₄	𒇷	1.000	1	1	CUNEIFORM SIGN LI
INNIN	𒈹	1.000	1	1	CUNEIFORM SIGN MUSH3
SIₓSA	▒	1.000	1	1	MEDIUM SHADE
ZU9	𒈨	1.000	1	1	CUNEIFORM SIGN ME
Xx	▒	1.000	1	1	MEDIUM SHADE
ÙG	𒌦	1.000	1	1	CUNEIFORM SIGN UN
ALAL	𒋄	1.000	1	1	CUNEIFORM SIGN SHID TIMES A
17	1	1.000	1	1	DIGIT ONE
|li	𒌈	1.000	1	1	CUNEIFORM SIGN TUM
24	2	1.000	1	1	DIGIT TWO
bíl|	𒌈	1.000	1	1	CUNEIFORM SIGN TUM
26	2	1.000	1	1	DIGIT TWO
ḪÚL	𒄾	1.000	1	1	CUNEIFORM SIGN HUL2
16	1	1.000	1	1	DIGIT ONE
saḫ	𒆤	1.000	1	1	CUNEIFORM SIGN KID
URU〈〈〉〉	𒌷	1.000	1	1	CUNEIFORM SIGN URU
MAS	𒈦	1.000	1	1	CUNEIFORM SIGN MASH
iš₈	𒀹	1.000	1	1	CUNEIFORM SIGN ASH ZIDA TENU
HUL	▒	1.000	1	1	MEDIUM SHADE
ŠAKAN	𒌋	1.000	1	1	CUNEIFORM SIGN U
kas	𒆜	1.000	1	1	CUNEIFORM SIGN KASKAL
gáp	𒆏	1.000	1	1	CUNEIFORM SIGN KAB
si₁₇	𒅆	1.000	1	1	CUNEIFORM SIGN IGI
MÚD	𒁁	1.000	1	1	CUNEIFORM SIGN BAD
MÙŠ	𒈹	1.000	1	1	CUNEIFORM SIGN MUSH3
ém	𒇷	1.000	1	1	CUNEIFORM SIGN LI
ru?	𒊒	1.000	1	1	CUNEIFORM SIGN RU
dár	𒅁	1.000	1	1	CUNEIFORM SIGN IB
ád	𒄉	1.000	1	1	CUNEIFORM SIGN GIR2 GUNU
ELLAG	𒆸	1.000	1	1	CUNEIFORM SIGN LAGAB
SUB	𒅢	1.000	1	1	CUNEIFORM SIGN KA TIMES GA
DU₁₄	𒈌	1.000	1	1	CUNEIFORM SIGN LU2 TIMES NE
〈〈ku	𒉡	1.000	1	1	CUNEIFORM SIGN NU
it〉〉	𒅆	1.000	1	1	CUNEIFORM SIGN IGI
〈ZI	𒍣	1.000	1	1	CUNEIFORM SIGN ZI
〈TAM〉	𒌓	1.000	1	1	CUNEIFORM SIGN UD
〈〈AŠ〉〉	𒃻	1.000	1	1	CUNEIFORM SIGN GAR
at~	𒋫	1.000	1	1	CUNEIFORM SIGN TA
〈IT	𒀉	1.000	1	1	CUNEIFORM SIGN A2
TI〉	𒋾	1.000	1	1	CUNEIFORM SIGN TI
er₃	𒈪	1.000	1	1	CUNEIFORM SIGN MI
〈SÁ〉	𒁲	1.000	1	1	CUNEIFORM SIGN DI
〈〈SIG₅〉〉	𒀸	1.000	1	1	CUNEIFORM SIGN ASH
SUR₇	𒆠	1.000	1	1	CUNEIFORM SIGN KI
PÉ	𒁉	1.000	1	1	CUNEIFORM SIGN BI
li〈〈li〉〉	𒇷	1.000	1	1	CUNEIFORM SIGN LI
〈〈x〉〉mu	𒈬	1.000	1	1	CUNEIFORM SIGN MU
ŠÚM	𒋧	1.000	1	1	CUNEIFORM SIGN SUM
šár	𒊹	1.000	1	1	CUNEIFORM SIGN SHAR2
〈〈SU	𒋢	1.000	1	1	CUNEIFORM SIGN SU
〈〈la〉〉li	𒇷	1.000	1	1	CUNEIFORM SIGN LI
pašₓ	𒅆	1.000	1	1	CUNEIFORM SIGN IGI
GUN	𒌦	1.000	1	1	CUNEIFORM SIGN UN
pát〈〈za〉〉	𒁁	1.000	1	1	CUNEIFORM SIGN BAD
LÚ?	𒇽	1.000	1	1	CUNEIFORM SIGN LU2
DINGIR?	𒀭	1.000	1	1	CUNEIFORM SIGN AN
U?	𒌋	1.000	1	1	CUNEIFORM SIGN U
〈at〉wa	▒	1.000	1	1	MEDIUM SHADE
KAMḪI	𒌓	1.000	1	1	CUNEIFORM SIGN UD
ki/di	𒆷	1.000	1	1	CUNEIFORM SIGN LA
〉zu	𒍪	1.000	1	1	CUNEIFORM SIGN ZU
pait	𒄩	1.000	1	1	CUNEIFORM SIGN HA
〈kán〉	𒃷	1.000	1	1	CUNEIFORM SIGN GAN2
〈KASKAL〉	𒆜	1.000	1	1	CUNEIFORM SIGN KASKAL
ta〈〈nu〉〉	𒋫	1.000	1	1	CUNEIFORM SIGN TA
táš	𒁹	1.000	1	1	CUNEIFORM SIGN DISH
URUK	𒌝	1.000	1	1	CUNEIFORM SIGN UM
GIŠŠÚ	▒	1.000	1	1	MEDIUM SHADE
múr	𒌘	1.000	1	1	CUNEIFORM SIGN UD TIMES U PLUS U PLUS U GUNU
SE	𒋛	1.000	1	1	CUNEIFORM SIGN SI
ERÍN	𒈨	1.000	1	1	CUNEIFORM SIGN ME
KUBABBAR	𒀭	1.000	1	1	CUNEIFORM SIGN AN
ÙZ	𒍚	1.000	1	1	CUNEIFORM SIGN UZ3
í	𒐊	1.000	1	1	CUNEIFORM NUMERIC SIGN FIVE DISH
URU₆	𒉞	1.000	1	1	CUNEIFORM SIGN NINDA2 TIMES U2 PLUS ASH
mlu	𒌍	1.000	1	1	CUNEIFORM SIGN U U U
〈ŠÚ〉	𒋙	1.000	1	1	CUNEIFORM SIGN SHU2
NÍGINₓ	𒋗	1.000	1	1	CUNEIFORM SIGN SHU
〈mu〉	𒈬	1.000	1	1	CUNEIFORM SIGN MU
〈ŠUM	𒋳	1.000	1	1	CUNEIFORM SIGN TAG
EP	𒅁	1.000	1	1	CUNEIFORM SIGN IB
x̤	▒	1.000	1	1	MEDIUM SHADE
ụn	▒	1.000	1	1	MEDIUM SHADE
ạn	𒅀	1.000	1	1	CUNEIFORM SIGN I A
kai	𒋾	1.000	1	1	CUNEIFORM SIGN TI
𒑱pár	𒑱	1.000	1	1	CUNEIFORM PUNCTUATION SIGN VERTICAL COLON
É〉〉	𒂍	1.000	1	1	CUNEIFORM SIGN E2
ŠUḪUR	𒊩	1.000	1	1	CUNEIFORM SIGN SAL
URUD	𒍏	1.000	1	1	CUNEIFORM SIGN URUDA
išda	𒅆	1.000	1	1	CUNEIFORM SIGN IGI
́ŠÀ	𒌓	1.000	1	1	CUNEIFORM SIGN UD
zì	𒂠	1.000	1	1	CUNEIFORM SIGN ESH2
SIG7	𒀭	1.000	1	1	CUNEIFORM SIGN AN
GAŠAN+TI	𒋾	1.000	1	1	CUNEIFORM SIGN TI
púš	𒂉	1.000	1	1	CUNEIFORM SIGN DUR2
pa〈〈aš〉〉	𒉺	1.000	1	1	CUNEIFORM SIGN PA
UL〉	𒌌	1.000	1	1	CUNEIFORM SIGN U GUD
〈LUGAL	𒈗	1.000	1	1	CUNEIFORM SIGN LUGAL
〈〈da〉〉da	𒁕	1.000	1	1	CUNEIFORM SIGN DA
LÚ〉	𒄑	1.000	1	1	CUNEIFORM SIGN GISH
〈〈ya〉〉	𒀀	1.000	1	1	CUNEIFORM SIGN A
〈ŠE〉	𒊺	1.000	1	1	CUNEIFORM SIGN SHE
ri〉	𒊑	1.000	1	1	CUNEIFORM SIGN RI
G[A	▒	1.000	1	1	MEDIUM SHADE
〈〈an〉〉ti	𒋾	1.000	1	1	CUNEIFORM SIGN TI
〈BÍ〉	𒉈	1.000	1	1	CUNEIFORM SIGN NE
〈〈É〉〉GAL	𒃲	1.000	1	1	CUNEIFORM SIGN GAL
GURU₆	𒃸	1.000	1	1	CUNEIFORM SIGN GAN2 TENU
〈〈TUKUL〉〉MAR	𒈥	1.000	1	1	CUNEIFORM SIGN MAR
ZABAR	𒉈	1.000	1	1	CUNEIFORM SIGN NE
〈〈an〉〉zi	𒍣	1.000	1	1	CUNEIFORM SIGN ZI
〈〈iš〉〉	𒌍	1.000	1	1	CUNEIFORM SIGN U U U
〈BÁ〉	𒉺	1.000	1	1	CUNEIFORM SIGN PA
LIQ	𒌨	1.000	1	1	CUNEIFORM SIGN UR
〈ḫu	𒄷	1.000	1	1	CUNEIFORM SIGN HU
u〉	𒌋	1.000	1	1	CUNEIFORM SIGN U
wa〈〈an〉〉	𒉿	1.000	1	1	CUNEIFORM SIGN PI
〈KUR〉	𒆳	1.000	1	1	CUNEIFORM SIGN KUR
〈ma	𒈠	1.000	1	1	CUNEIFORM SIGN MA
PÁ	𒁀	1.000	1	1	CUNEIFORM SIGN BA
ku〈〈nu〉〉	𒂉	1.000	1	1	CUNEIFORM SIGN DUR2
iš〈〈ki〉〉	𒅖	1.000	1	1	CUNEIFORM SIGN ISH
LEOₓ	𒄩	1.000	1	1	CUNEIFORM SIGN HA
〈〈aš〉〉aš	𒀸	1.000	1	1	CUNEIFORM SIGN ASH
〈〈x〉〉aš	𒀸	1.000	1	1	CUNEIFORM SIGN ASH
〈EZEN₄〉	􀀉	1.000	1	1	(unnamed)
kuš	𒋢	1.000	1	1	CUNEIFORM SIGN SU
〈GÚ〉	𒄘	1.000	1	1	CUNEIFORM SIGN GU2
〈ḪÁD〉	𒌓	1.000	1	1	CUNEIFORM SIGN UD
〉ka	𒅗	1.000	1	1	CUNEIFORM SIGN KA
〈UŠ〉	𒍑	1.000	1	1	CUNEIFORM SIGN USH
〈〈x〉〉da	𒁕	1.000	1	1	CUNEIFORM SIGN DA
GUDU₁₂	𒅎	1.000	1	1	CUNEIFORM SIGN IM
〈〈ḫar〉〉	𒀭	1.000	1	1	CUNEIFORM SIGN AN
an〈〈nu〉〉	𒀭	1.000	1	1	CUNEIFORM SIGN AN
gir	𒄫	1.000	1	1	CUNEIFORM SIGN HA GUNU
ti|〉	𒀜	1.000	1	1	CUNEIFORM SIGN AD
um/ap	▒	1.000	1	1	MEDIUM SHADE
Dur	𒄙	1.000	1	1	CUNEIFORM SIGN GU2 TIMES KAK
HUB	𒁉	1.000	1	1	CUNEIFORM SIGN BI
da〈〈aš〉〉	𒁕	1.000	1	1	CUNEIFORM SIGN DA
ΝΙΝDΑ	𒐈	1.000	1	1	CUNEIFORM NUMERIC SIGN THREE DISH
〈TUM〉	𒌈	1.000	1	1	CUNEIFORM SIGN TUM
〈〈ḫu〉〉ḫi	𒄭	1.000	1	1	CUNEIFORM SIGN HI
nar	𒈜	1.000	1	1	CUNEIFORM SIGN LUL
〈〈EN〉〉	𒈾	1.000	1	1	CUNEIFORM SIGN NA
ḫár	𒄞	1.000	1	1	CUNEIFORM SIGN GUD
〈〈en〉〉	𒅔	1.000	1	1	CUNEIFORM SIGN IN
〈〈pa〉〉	𒉺	1.000	1	1	CUNEIFORM SIGN PA
ŠAḪ〈〈TUR〉〉	𒋚	1.000	1	1	CUNEIFORM SIGN SHUBUR
〈〈ta〉〉	𒃾	1.000	1	1	CUNEIFORM SIGN GESHTIN
HÚB	𒌍	1.000	1	1	CUNEIFORM SIGN U U U
HÁD	𒁕	1.000	1	1	CUNEIFORM SIGN DA
EN₆	𒅔	1.000	1	1	CUNEIFORM SIGN IN
〈ÁŠ〉	𒀾	1.000	1	1	CUNEIFORM SIGN ASH2
50	5	1.000	1	1	DIGIT FIVE
TÚR	𒄙	1.000	1	1	CUNEIFORM SIGN GU2 TIMES KAK
zila	𒀸	1.000	1	1	CUNEIFORM SIGN ASH
TAŠ	𒌨	1.000	1	1	CUNEIFORM SIGN UR
GIR₄	𒌋	1.000	1	1	CUNEIFORM SIGN U
〈NIR〉	𒉪	1.000	1	1	CUNEIFORM SIGN NUN OVER NUN
hal	𒌍	1.000	1	1	CUNEIFORM SIGN U U U
EZ	𒄑	1.000	1	1	CUNEIFORM SIGN GISH
DUR₁₀	𒊿	1.000	1	1	CUNEIFORM SIGN SHEN
AGRIG	𒁾	1.000	1	1	CUNEIFORM SIGN DUB
〈BU〉	𒁍	1.000	1	1	CUNEIFORM SIGN BU
〈〈AN〉〉	𒁹	1.000	1	1	CUNEIFORM SIGN DISH
〈〈NA₄〉〉	𒉌	1.000	1	1	CUNEIFORM SIGN NI
〈kat〉	𒃰	1.000	1	1	CUNEIFORM SIGN GAD
at〉〉ta	𒋫	1.000	1	1	CUNEIFORM SIGN TA
ut〉	𒌓	1.000	1	1	CUNEIFORM SIGN UD
it〈〈ti〉〉	𒀉	1.000	1	1	CUNEIFORM SIGN A2
MAH	▒	1.000	1	1	MEDIUM SHADE
A+NA	𒀀	1.000	1	1	CUNEIFORM SIGN A
〈〈10〉〉	4	1.000	1	1	DIGIT FOUR
NÍSABA	𒉀	1.000	1	1	CUNEIFORM SIGN NAGA
Maš	𒈦	1.000	1	1	CUNEIFORM SIGN MASH
Nap	𒀮	1.000	1	1	CUNEIFORM SIGN AN OVER AN
šiḫ	𒋚	1.000	1	1	CUNEIFORM SIGN SHUBUR
ku〈〈aš〉〉	𒂉	1.000	1	1	CUNEIFORM SIGN DUR2
〈〈ez〉〉	𒍣	1.000	1	1	CUNEIFORM SIGN ZI
ša/ta	▒	1.000	1	1	MEDIUM SHADE
〈TU〉	𒌅	1.000	1	1	CUNEIFORM SIGN TU
aal	▒	1.000	1	1	MEDIUM SHADE
TU7	𒀸	1.000	1	1	CUNEIFORM SIGN ASH
〈pát〉	𒁁	1.000	1	1	CUNEIFORM SIGN BAD
〈RI〉	𒊑	1.000	1	1	CUNEIFORM SIGN RI
RU〉	𒊒	1.000	1	1	CUNEIFORM SIGN RU
'	▒	1.000	1	1	MEDIUM SHADE
KUN₅	𒂠	1.000	1	1	CUNEIFORM SIGN ESH2
〈〈tu〉〉	𒌋	1.000	1	1	CUNEIFORM SIGN U
〈zu〉	𒍪	1.000	1	1	CUNEIFORM SIGN ZU
〈na	𒈾	1.000	1	1	CUNEIFORM SIGN NA
ger	𒅔	1.000	1	1	CUNEIFORM SIGN IN
〈〈az〉〉	𒉿	1.000	1	1	CUNEIFORM SIGN PI
SA5	𒋠	1.000	1	1	CUNEIFORM SIGN SIK2
〈〈ma〉〉	𒉆	1.000	1	1	CUNEIFORM SIGN NAM
iš〉	𒅖	1.000	1	1	CUNEIFORM SIGN ISH
it?	𒀉	1.000	1	1	CUNEIFORM SIGN A2
da?	𒁕	1.000	1	1	CUNEIFORM SIGN DA
ud?	𒌓	1.000	1	1	CUNEIFORM SIGN UD
te?	𒋼	1.000	1	1	CUNEIFORM SIGN TE
pát?	𒁁	1.000	1	1	CUNEIFORM SIGN BAD
〈〈uz〉〉	𒂉	1.000	1	1	CUNEIFORM SIGN DUR2
DINGR	𒈨	1.000	1	1	CUNEIFORM SIGN ME
an〈〈an〉〉	𒀭	1.000	1	1	CUNEIFORM SIGN AN
〈et〉	𒀉	1.000	1	1	CUNEIFORM SIGN A2
uš〈〈x〉〉	𒍑	1.000	1	1	CUNEIFORM SIGN USH
DIḪ	𒁾	1.000	1	1	CUNEIFORM SIGN DUB
〈〈li〉〉	𒀜	1.000	1	1	CUNEIFORM SIGN AD
〈〈x〉〉ú	𒌑	1.000	1	1	CUNEIFORM SIGN U2
〉te	𒋼	1.000	1	1	CUNEIFORM SIGN TE
〈BAR〉	𒁇	1.000	1	1	CUNEIFORM SIGN BAR
úl	𒉡	1.000	1	1	CUNEIFORM SIGN NU
kań	𒄷	1.000	1	1	CUNEIFORM SIGN HU
₇	𒇉	1.000	1	1	CUNEIFORM SIGN LAGAB TIMES HAL
wa?	𒉿	1.000	1	1	CUNEIFORM SIGN PI
SÍSKU	𒀬	1.000	1	1	CUNEIFORM SIGN AMAR TIMES SHE
GIŠ!	𒄑	1.000	1	1	CUNEIFORM SIGN GISH
SÍSK	𒀬	1.000	1	1	CUNEIFORM SIGN AMAR TIMES SHE
INGIR	𒈨	1.000	1	1	CUNEIFORM SIGN ME
šar?	𒊬	1.000	1	1	CUNEIFORM SIGN SAR
ziword	𒄿	1.000	1	1	CUNEIFORM SIGN I
over	𒂊	1.000	1	1	CUNEIFORM SIGN E
erasure	𒅁	1.000	1	1	CUNEIFORM SIGN IB
+um+	𒌝	1.000	1	1	CUNEIFORM SIGN UM
+i	𒄿	1.000	1	1	CUNEIFORM SIGN I
na+	𒈾	1.000	1	1	CUNEIFORM SIGN NA
+ṭup+	𒁾	1.000	1	1	CUNEIFORM SIGN DUB
šarrāni	𒈗	1.000	1	1	CUNEIFORM SIGN LUGAL
qur	𒄥	1.000	1	1	CUNEIFORM SIGN GUR
bát	𒉻	1.000	1	1	CUNEIFORM SIGN PAD
"SÍG+MUNUS"	𒇻	1.000	1	1	CUNEIFORM SIGN LU
ḫa!	𒄩	1.000	1	1	CUNEIFORM SIGN HA
〈un〉	𒌦	1.000	1	1	CUNEIFORM SIGN UN
〈al〉	𒀠	1.000	1	1	CUNEIFORM SIGN AL
na?	𒈾	1.000	1	1	CUNEIFORM SIGN NA
at?	𒀜	1.000	1	1	CUNEIFORM SIGN AD
ú?	𒌑	1.000	1	1	CUNEIFORM SIGN U2
{	𒉺	1.000	1	1	CUNEIFORM SIGN PA
}	𒀀	1.000	1	1	CUNEIFORM SIGN A
7?	𒐌	1.000	1	1	CUNEIFORM NUMERIC SIGN SEVEN DISH
ut?	𒌓	1.000	1	1	CUNEIFORM SIGN UD
ḫa〉	𒄩	1.000	1	1	CUNEIFORM SIGN HA
〈la	𒆷	1.000	1	1	CUNEIFORM SIGN LA
〈uk〉	𒊌	1.000	1	1	CUNEIFORM SIGN PIRIG TIMES UD
ta!	𒄭	1.000	1	1	CUNEIFORM SIGN HI
ša!	𒀸	1.000	1	1	CUNEIFORM SIGN ASH
ḫa?	𒄩	1.000	1	1	CUNEIFORM SIGN HA
u?	𒌋	1.000	1	1	CUNEIFORM SIGN U
SÍS	𒀬	1.000	1	1	CUNEIFORM SIGN AMAR TIMES SHE
ti〉	𒋾	1.000	1	1	CUNEIFORM SIGN TI
in〈〈du〉〉	𒅔	1.000	1	1	CUNEIFORM SIGN IN
wa〈〈〉〉	𒉿	1.000	1	1	CUNEIFORM SIGN PI
〈ad〉	𒀜	1.000	1	1	CUNEIFORM SIGN AD
Nam	𒉆	1.000	1	1	CUNEIFORM SIGN NAM
U⁯₁₉	𒇻	1.000	1	1	CUNEIFORM SIGN LU
*za	𒌑	1.000	1	1	CUNEIFORM SIGN U2
〈1〉	𒁹	1.000	1	1	CUNEIFORM SIGN DISH
šik	𒋝	1.000	1	1	CUNEIFORM SIGN SIG
te〈〈te〉〉	𒋼	1.000	1	1	CUNEIFORM SIGN TE
〈šu	𒋗	1.000	1	1	CUNEIFORM SIGN SHU
ḫi〉	𒄭	1.000	1	1	CUNEIFORM SIGN HI
〈DU₁₀〉	𒄭	1.000	1	1	CUNEIFORM SIGN HI
PÈS	▒	1.000	1	1	MEDIUM SHADE
ii	𒅀	1.000	1	1	CUNEIFORM SIGN I A
na/ša	𒍣	1.000	1	1	CUNEIFORM SIGN ZI
at/la	𒊭	1.000	1	1	CUNEIFORM SIGN SHA
〈gu〉	𒄖	1.000	1	1	CUNEIFORM SIGN GU
〈re〉	𒊑	1.000	1	1	CUNEIFORM SIGN RI
píl	𒉋	1.000	1	1	CUNEIFORM SIGN NE SHESHIG
〈〈ḫi〉〉	𒅀	1.000	1	1	CUNEIFORM SIGN I A
〈ul	𒌌	1.000	1	1	CUNEIFORM SIGN U GUD
lu〉	𒇻	1.000	1	1	CUNEIFORM SIGN LU
〈né	𒉌	1.000	1	1	CUNEIFORM SIGN NI
eš〉	𒌍	1.000	1	1	CUNEIFORM SIGN U U U
wú	𒌓	1.000	1	1	CUNEIFORM SIGN UD
ee	𒇽	1.000	1	1	CUNEIFORM SIGN LU2
gùb	𒆏	1.000	1	1	CUNEIFORM SIGN KAB
pa₄	𒉽	1.000	1	1	CUNEIFORM SIGN PAP
〈šà〉	𒊮	1.000	1	1	CUNEIFORM SIGN SHA3
kúš	𒊨	1.000	1	1	CUNEIFORM SIGN SAG GUNU
úru	𒍍	1.000	1	1	CUNEIFORM SIGN URU TIMES UD
UD₅	𒍚	1.000	1	1	CUNEIFORM SIGN UZ3
mím	𒀜	1.000	1	1	CUNEIFORM SIGN AD
ku₆	𒄩	1.000	1	1	CUNEIFORM SIGN HA
dal	𒊑	1.000	1	1	CUNEIFORM SIGN RI
mid	𒁁	1.000	1	1	CUNEIFORM SIGN BAD
ninda	𒃻	1.000	1	1	CUNEIFORM SIGN GAR
kú	𒅥	1.000	1	1	CUNEIFORM SIGN KA TIMES GAR
kašeš₅	▒	1.000	1	1	MEDIUM SHADE
qù	𒄖	1.000	1	1	CUNEIFORM SIGN GU
〈um	𒌝	1.000	1	1	CUNEIFORM SIGN UM
šu〈〈nu〉〉	𒋗	1.000	1	1	CUNEIFORM SIGN SHU
ib〈〈ka〉〉	𒅁	1.000	1	1	CUNEIFORM SIGN IB
pía	▒	1.000	1	1	MEDIUM SHADE
nita	𒍑	1.000	1	1	CUNEIFORM SIGN USH
ĝá	𒄿	1.000	1	1	CUNEIFORM SIGN I
qul	𒆰	1.000	1	1	CUNEIFORM SIGN KUL
šilam	𒉦	1.000	1	1	CUNEIFORM SIGN NUN LAGAR TIMES SAL
me₅	𒀀	1.000	1	1	CUNEIFORM SIGN A
lám	𒉈	1.000	1	1	CUNEIFORM SIGN NE
DIR	𒀀	1.000	1	1	CUNEIFORM SIGN A
〈Ú〉	𒌑	1.000	1	1	CUNEIFORM SIGN U2
šáḫ	𒂄	1.000	1	1	CUNEIFORM SIGN DUN
te₄	𒅕	1.000	1	1	CUNEIFORM SIGN IR
šum₄	𒁁	1.000	1	1	CUNEIFORM SIGN BAD
šup	𒊒	1.000	1	1	CUNEIFORM SIGN RU
ÚLUŠIN	𒅗	1.000	1	1	CUNEIFORM SIGN KA
ka₄l	𒋫	1.000	1	1	CUNEIFORM SIGN TA
šag₄	𒊮	1.000	1	1	CUNEIFORM SIGN SHA3
íb	𒌈	1.000	1	1	CUNEIFORM SIGN TUM
pá!	𒁀	1.000	1	1	CUNEIFORM SIGN BA
galga	𒃌	1.000	1	1	CUNEIFORM SIGN GA2 TIMES GAR
u₁₉	𒌷	1.000	1	1	CUNEIFORM SIGN URU
sì	𒋧	1.000	1	1	CUNEIFORM SIGN SUM
ku₄	𒆭	1.000	1	1	CUNEIFORM SIGN KU4
du₁₀	𒄭	1.000	1	1	CUNEIFORM SIGN HI
tum₄	𒉏	1.000	1	1	CUNEIFORM SIGN NIM
mùs	𒃶	1.000	1	1	CUNEIFORM SIGN GAN
úḫ	𒌔	1.000	1	1	CUNEIFORM SIGN UD KUSHU2
〉GÌR	𒋡	1.000	1	1	CUNEIFORM SIGN SILA3
〈NIN〉	𒈠	1.000	1	1	CUNEIFORM SIGN MA
lig	𒌨	1.000	1	1	CUNEIFORM SIGN UR
ušum	𒁔	1.000	1	1	CUNEIFORM SIGN BUR2
nisag	𒌘	1.000	1	1	CUNEIFORM SIGN UD TIMES U PLUS U PLUS U GUNU
kut	𒋻	1.000	1	1	CUNEIFORM SIGN TAR
sig₄	𒋞	1.000	1	1	CUNEIFORM SIGN SIG4
šé	𒍣	1.000	1	1	CUNEIFORM SIGN ZI
〈bak〉	𒄷	1.000	1	1	CUNEIFORM SIGN HU
ninurta	𒌑	1.000	1	1	CUNEIFORM SIGN U2
šab	𒅁	1.000	1	1	CUNEIFORM SIGN IB
dap	𒁳	1.000	1	1	CUNEIFORM SIGN DIB
qib	𒄒	1.000	1	1	CUNEIFORM SIGN GISH CROSSING GISH
atti	𒅀	1.000	1	1	CUNEIFORM SIGN I A
PIŠ₁₀	𒀭	1.000	1	1	CUNEIFORM SIGN AN
⅓	𒂵	1.000	1	1	CUNEIFORM SIGN GA
KÁM	𒆚	1.000	1	1	CUNEIFORM SIGN KAM2
DÚSU	𒄭	1.000	1	1	CUNEIFORM SIGN HI
qit	𒆤	1.000	1	1	CUNEIFORM SIGN KID
bab	𒉽	1.000	1	1	CUNEIFORM SIGN PAP
raq	𒊩	1.000	1	1	CUNEIFORM SIGN SAL
tàra	𒁰	1.000	1	1	CUNEIFORM SIGN DARA3
LIGIDBA	𒍮	1.000	1	1	CUNEIFORM SIGN ZUM
ṣè	𒂊	1.000	1	1	CUNEIFORM SIGN E
kàṣ	𒄤	1.000	1	1	CUNEIFORM SIGN GUM TIMES SHE
šuk	𒉻	1.000	1	1	CUNEIFORM SIGN PAD
lud	𒂁	1.000	1	1	CUNEIFORM SIGN DUG
〈〈nim〉〉	𒋻	1.000	1	1	CUNEIFORM SIGN TAR
BÌL	𒂵	1.000	1	1	CUNEIFORM SIGN GA
sat	𒆳	1.000	1	1	CUNEIFORM SIGN KUR
〈bu〉	𒁍	1.000	1	1	CUNEIFORM SIGN BU
〈〈ba〉〉	𒁀	1.000	1	1	CUNEIFORM SIGN BA
i+na	𒄿	1.000	1	1	CUNEIFORM SIGN I
SINIG	▒	1.000	1	1	MEDIUM SHADE
néq	𒆠	1.000	1	1	CUNEIFORM SIGN KI
〈NAG	𒅘	1.000	1	1	CUNEIFORM SIGN KA TIMES A
néš	𒄑	1.000	1	1	CUNEIFORM SIGN GISH
asar	𒍂	1.000	1	1	CUNEIFORM SIGN URU TIMES IGI
GÙBU	𒆏	1.000	1	1	CUNEIFORM SIGN KAB
GÌRI	𒄊	1.000	1	1	CUNEIFORM SIGN GIR3
paₓ	𒉺	1.000	1	1	CUNEIFORM SIGN PA
NÍNDA×ŠEG₆	𒀠	1.000	1	1	CUNEIFORM SIGN AL
TUKUM	𒁉	1.000	1	1	CUNEIFORM SIGN BI
daa	𒄿	1.000	1	1	CUNEIFORM SIGN I
ESIR	𒀀	1.000	1	1	CUNEIFORM SIGN A
ŠEG₆	𒉈	1.000	1	1	CUNEIFORM SIGN NE
〈〈ki〉〉	𒀉	1.000	1	1	CUNEIFORM SIGN A2
ASAL	𒍂	1.000	1	1	CUNEIFORM SIGN URU TIMES IGI
duk	𒂁	1.000	1	1	CUNEIFORM SIGN DUG
GUḪŠU	𒋟	1.000	1	1	CUNEIFORM SIGN SIG4 OVER SIG4 SHU2
ḫir	𒂡	1.000	1	1	CUNEIFORM SIGN EZEN
leq	𒋼	1.000	1	1	CUNEIFORM SIGN TE
GAZI	𒃢	1.000	1	1	CUNEIFORM SIGN GA2 TIMES PA
edin	𒂔	1.000	1	1	CUNEIFORM SIGN EDIN
éb	𒌈	1.000	1	1	CUNEIFORM SIGN TUM
marad	𒀫	1.000	1	1	CUNEIFORM SIGN AMAR
qaq	𒆕	1.000	1	1	CUNEIFORM SIGN KAK
qú?	𒂉	1.000	1	1	CUNEIFORM SIGN DUR2
mat	𒆳	1.000	1	1	CUNEIFORM SIGN KUR
MEN	𒃞	1.000	1	1	CUNEIFORM SIGN GA2 TIMES ME PLUS EN
TÙG	𒂁	1.000	1	1	CUNEIFORM SIGN DUG
dub	𒁾	1.000	1	1	CUNEIFORM SIGN DUB
GÚB	𒇷	1.000	1	1	CUNEIFORM SIGN LI
DIRI	𒋛	1.000	1	1	CUNEIFORM SIGN SI
EME₅	𒂵	1.000	1	1	CUNEIFORM SIGN GA
DÀR	𒁰	1.000	1	1	CUNEIFORM SIGN DARA3
túg	𒌆	1.000	1	1	CUNEIFORM SIGN TUG2
KÚM	𒉈	1.000	1	1	CUNEIFORM SIGN NE
ná	𒈿	1.000	1	1	CUNEIFORM SIGN NA2
IBILA	𒁺	1.000	1	1	CUNEIFORM SIGN DU
BIR	𒄵	1.000	1	1	CUNEIFORM SIGN HI TIMES SHE
nụ	𒊭	1.000	1	1	CUNEIFORM SIGN SHA
UH₄	𒀭	1.000	1	1	CUNEIFORM SIGN AN
𒑱ta	𒋫	1.000	1	1	CUNEIFORM SIGN TA
ne〈〈me〉〉	𒉈	1.000	1	1	CUNEIFORM SIGN NE
ŠÍ	𒋛	1.000	1	1	CUNEIFORM SIGN SI
Ḫİ	𒄴	1.000	1	1	CUNEIFORM SIGN HI TIMES NUN
〈ne〉	𒉈	1.000	1	1	CUNEIFORM SIGN NE
〈〈DUR₅〉〉	𒀀	1.000	1	1	CUNEIFORM SIGN A
〈il〉	𒅋	1.000	1	1	CUNEIFORM SIGN IL
MIN?	𒈫	1.000	1	1	CUNEIFORM SIGN MIN
w	𒈠	1.000	1	1	CUNEIFORM SIGN MA
ZUU	𒉌	1.000	1	1	CUNEIFORM SIGN NI
a/za	𒁕	1.000	1	1	CUNEIFORM SIGN DA
/eš	𒌍	1.000	1	1	CUNEIFORM SIGN U U U
az/uk	𒂉	1.000	1	1	CUNEIFORM SIGN DUR2
DINGIRMEŠ	𒁁	1.000	1	1	CUNEIFORM SIGN BAD
dagal	𒂼	1.000	1	1	CUNEIFORM SIGN GA2 TIMES AN
ú`	▒	1.000	1	1	MEDIUM SHADE
dé	𒌣	1.000	1	1	CUNEIFORM SIGN UMUM
ŠAl	𒊩	1.000	1	1	CUNEIFORM SIGN SAL
GIRI₆	𒁼	1.000	1	1	CUNEIFORM SIGN DU GUNU
irtu	𒂃	1.000	1	1	CUNEIFORM SIGN DUH
95	9	1.000	1	1	DIGIT NINE
ṢÚ	𒅎	1.000	1	1	CUNEIFORM SIGN IM
ziam	𒈬	1.000	1	1	CUNEIFORM SIGN MU
pér	𒅁	1.000	1	1	CUNEIFORM SIGN IB
〈GU₄?〉	𒄞	1.000	1	1	CUNEIFORM SIGN GUD
〈É	𒌍	1.000	1	1	CUNEIFORM SIGN U U U
〈BA〉	𒁀	1.000	1	1	CUNEIFORM SIGN BA
PIT	𒂍	1.000	1	1	CUNEIFORM SIGN E2
〉ḫu	𒄷	1.000	1	1	CUNEIFORM SIGN HU
GEMÉ	𒊕	1.000	1	1	CUNEIFORM SIGN SAG
D?	𒀭	1.000	1	1	CUNEIFORM SIGN AN
ŠÌR	𒂡	1.000	1	1	CUNEIFORM SIGN EZEN
kán〈〈iz〉〉	𒃷	1.000	1	1	CUNEIFORM SIGN GAN2
mi〈〈iš〉〉	𒈪	1.000	1	1	CUNEIFORM SIGN MI
〈〈a〉〉ḫur	𒄯	1.000	1	1	CUNEIFORM SIGN HI TIMES ASH2
IŠTAR〉	𒁯	1.000	1	1	CUNEIFORM SIGN DAR
〈〈un〉〉	𒌍	1.000	1	1	CUNEIFORM SIGN U U U
〈ap〉	𒀊	1.000	1	1	CUNEIFORM SIGN AB
〈SÚ〉	𒍪	1.000	1	1	CUNEIFORM SIGN ZU
〈〈ti〉〉	𒈗	1.000	1	1	CUNEIFORM SIGN LUGAL
kil	𒆸	1.000	1	1	CUNEIFORM SIGN LAGAB
𒑱du	𒑱	1.000	1	1	CUNEIFORM PUNCTUATION SIGN VERTICAL COLON
